Date,new Q (l/s)
1/1/1999,910
1/2/1999,900
1/3/1999,900
1/4/1999,890
1/5/1999,890
1/6/1999,880
1/7/1999,880
1/8/1999,870
1/9/1999,860
1/10/1999,860
1/11/1999,850
1/12/1999,850
1/13/1999,840
1/14/1999,840
1/15/1999,830
1/16/1999,830
1/17/1999,820
1/18/1999,820
1/19/1999,810
1/20/1999,810
1/21/1999,800
1/22/1999,800
1/23/1999,790
1/24/1999,790
1/25/1999,780
1/26/1999,780
1/27/1999,770
1/28/1999,760
1/29/1999,720
1/30/1999,680
1/31/1999,640
2/1/1999,610
2/2/1999,570
2/3/1999,540
2/4/1999,510
2/5/1999,480
2/6/1999,450
2/7/1999,430
2/8/1999,400
2/9/1999,380
2/10/1999,360
2/11/1999,340
2/12/1999,320
2/13/1999,300
2/14/1999,280
2/15/1999,270
2/16/1999,250
2/17/1999,240
2/18/1999,230
2/19/1999,210
2/20/1999,200
2/21/1999,190
2/22/1999,180
2/23/1999,170
2/24/1999,170
2/25/1999,170
2/26/1999,170
2/27/1999,160
2/28/1999,160
3/1/1999,160
3/2/1999,160
3/3/1999,160
3/4/1999,160
3/5/1999,160
3/6/1999,160
3/7/1999,160
3/8/1999,160
3/9/1999,160
3/10/1999,150
3/11/1999,150
3/12/1999,150
3/13/1999,150
3/14/1999,150
3/15/1999,150
3/16/1999,150
3/17/1999,150
3/18/1999,150
3/19/1999,150
3/20/1999,150
3/21/1999,150
3/22/1999,150
3/23/1999,150
3/24/1999,140
3/25/1999,140
3/26/1999,140
3/27/1999,140
3/28/1999,160
3/29/1999,180
3/30/1999,200
3/31/1999,230
4/1/1999,250
4/2/1999,290
4/3/1999,320
4/4/1999,360
4/5/1999,410
4/6/1999,460
4/7/1999,520
4/8/1999,590
4/9/1999,660
4/10/1999,750
4/11/1999,840
4/12/1999,950
4/13/1999,1060
4/14/1999,1080
4/15/1999,1070
4/16/1999,1050
4/17/1999,1040
4/18/1999,1030
4/19/1999,1020
4/20/1999,1010
4/21/1999,990
4/22/1999,980
4/23/1999,970
4/24/1999,960
4/25/1999,950
4/26/1999,940
4/27/1999,930
4/28/1999,910
4/29/1999,900
4/30/1999,890
5/1/1999,880
5/2/1999,870
5/3/1999,860
5/4/1999,850
5/5/1999,840
5/6/1999,830
5/7/1999,820
5/8/1999,810
5/9/1999,800
5/10/1999,790
5/11/1999,780
5/12/1999,780
5/13/1999,770
5/14/1999,760
5/15/1999,750
5/16/1999,740
5/17/1999,730
5/18/1999,720
5/19/1999,710
5/20/1999,710
5/21/1999,700
5/22/1999,690
5/23/1999,680
5/24/1999,670
5/25/1999,660
5/26/1999,660
5/27/1999,650
5/28/1999,640
5/29/1999,630
5/30/1999,630
5/31/1999,620
6/1/1999,610
6/2/1999,600
6/3/1999,600
6/4/1999,590
6/5/1999,580
6/6/1999,580
6/7/1999,570
6/8/1999,560
6/9/1999,560
6/10/1999,550
6/11/1999,540
6/12/1999,540
6/13/1999,530
6/14/1999,520
6/15/1999,520
6/16/1999,510
6/17/1999,510
6/18/1999,500
6/19/1999,490
6/20/1999,490
6/21/1999,480
6/22/1999,480
6/23/1999,470
6/24/1999,470
6/25/1999,460
6/26/1999,460
6/27/1999,450
6/28/1999,440
6/29/1999,430
6/30/1999,420
7/1/1999,400
7/2/1999,390
7/3/1999,380
7/4/1999,370
7/5/1999,360
7/6/1999,350
7/7/1999,340
7/8/1999,330
7/9/1999,320
7/10/1999,320
7/11/1999,310
7/12/1999,300
7/13/1999,290
7/14/1999,280
7/15/1999,280
7/16/1999,270
7/17/1999,260
7/18/1999,250
7/19/1999,250
7/20/1999,240
7/21/1999,230
7/22/1999,230
7/23/1999,220
7/24/1999,220
7/25/1999,210
7/26/1999,200
7/27/1999,200
7/28/1999,190
7/29/1999,180
7/30/1999,180
7/31/1999,170
8/1/1999,170
8/2/1999,160
8/3/1999,150
8/4/1999,150
8/5/1999,140
8/6/1999,140
8/7/1999,140
8/8/1999,130
8/9/1999,130
8/10/1999,120
8/11/1999,120
8/12/1999,110
8/13/1999,110
8/14/1999,110
8/15/1999,100
8/16/1999,100
8/17/1999,100
8/18/1999,90
8/19/1999,90
8/20/1999,90
8/21/1999,80
8/22/1999,80
8/23/1999,80
8/24/1999,100
8/25/1999,120
8/26/1999,150
8/27/1999,180
8/28/1999,190
8/29/1999,180
8/30/1999,170
8/31/1999,170
9/1/1999,190
9/2/1999,190
9/3/1999,180
9/4/1999,180
9/5/1999,180
9/6/1999,180
9/7/1999,170
9/8/1999,170
9/9/1999,170
9/10/1999,170
9/11/1999,160
9/12/1999,160
9/13/1999,160
9/14/1999,160
9/15/1999,160
9/16/1999,150
9/17/1999,150
9/18/1999,150
9/19/1999,150
9/20/1999,150
9/21/1999,140
9/22/1999,140
9/23/1999,140
9/24/1999,140
9/25/1999,130
9/26/1999,130
9/27/1999,130
9/28/1999,130
9/29/1999,120
9/30/1999,120
10/1/1999,120
10/2/1999,120
10/3/1999,120
10/4/1999,110
10/5/1999,110
10/6/1999,110
10/7/1999,110
10/8/1999,100
10/9/1999,100
10/10/1999,100
10/11/1999,27980
10/12/1999,20720
10/13/1999,11780
10/14/1999,27160
10/15/1999,28480
10/16/1999,12270
10/17/1999,280
10/18/1999,340
10/19/1999,880
10/20/1999,1900
10/21/1999,1560
10/22/1999,950
10/23/1999,580
10/24/1999,350
10/25/1999,220
10/26/1999,130
10/27/1999,20250
10/28/1999,58690
10/29/1999,220
10/30/1999,230
10/31/1999,240
11/1/1999,270
11/2/1999,290
11/3/1999,310
11/4/1999,340
11/5/1999,370
11/6/1999,400
11/7/1999,430
11/8/1999,470
11/9/1999,510
11/10/1999,550
11/11/1999,600
11/12/1999,650
11/13/1999,710
11/14/1999,770
11/15/1999,830
11/16/1999,900
11/17/1999,980
11/18/1999,1070
11/19/1999,1160
11/20/1999,1250
11/21/1999,1360
11/22/1999,1480
11/23/1999,1590
11/24/1999,1600
11/25/1999,1570
11/26/1999,1550
11/27/1999,1520
11/28/1999,1500
11/29/1999,1480
11/30/1999,1450
12/1/1999,1430
12/2/1999,1410
12/3/1999,1390
12/4/1999,1370
12/5/1999,1350
12/6/1999,1320
12/7/1999,1300
12/8/1999,1280
12/9/1999,1260
12/10/1999,1240
12/11/1999,1230
12/12/1999,1210
12/13/1999,1190
12/14/1999,1170
12/15/1999,1150
12/16/1999,1130
12/17/1999,1120
12/18/1999,1100
12/19/1999,1080
12/20/1999,1070
12/21/1999,1050
12/22/1999,1030
12/23/1999,1020
12/24/1999,1000
12/25/1999,990
12/26/1999,970
12/27/1999,960
12/28/1999,940
12/29/1999,930
12/30/1999,920
12/31/1999,910
1/1/2000,110
1/2/2000,100
1/3/2000,100
1/4/2000,110
1/5/2000,110
1/6/2000,130
1/7/2000,140
1/8/2000,120
1/9/2000,120
1/10/2000,110
1/11/2000,120
1/12/2000,280
1/13/2000,230
1/14/2000,200
1/15/2000,170
1/16/2000,160
1/17/2000,160
1/18/2000,150
1/19/2000,150
1/20/2000,150
1/21/2000,150
1/22/2000,140
1/23/2000,130
1/24/2000,140
1/25/2000,150
1/26/2000,140
1/27/2000,150
1/28/2000,140
1/29/2000,150
1/30/2000,140
1/31/2000,130
2/1/2000,140
2/2/2000,140
2/3/2000,130
2/4/2000,140
2/5/2000,140
2/6/2000,140
2/7/2000,140
2/8/2000,150
2/9/2000,150
2/10/2000,140
2/11/2000,130
2/12/2000,130
2/13/2000,130
2/14/2000,130
2/15/2000,120
2/16/2000,120
2/17/2000,130
2/18/2000,130
2/19/2000,120
2/20/2000,130
2/21/2000,130
2/22/2000,130
2/23/2000,130
2/24/2000,130
2/25/2000,130
2/26/2000,130
2/27/2000,130
2/28/2000,130
2/29/2000,130
3/1/2000,130
3/2/2000,120
3/3/2000,140
3/4/2000,130
3/5/2000,120
3/6/2000,130
3/7/2000,140
3/8/2000,140
3/9/2000,130
3/10/2000,130
3/11/2000,120
3/12/2000,110
3/13/2000,110
3/14/2000,120
3/15/2000,100
3/16/2000,120
3/17/2000,130
3/18/2000,120
3/19/2000,110
3/20/2000,120
3/21/2000,110
3/22/2000,120
3/23/2000,110
3/24/2000,120
3/25/2000,120
3/26/2000,120
3/27/2000,110
3/28/2000,130
3/29/2000,110
3/30/2000,110
3/31/2000,100
4/1/2000,100
4/2/2000,90
4/3/2000,90
4/4/2000,100
4/5/2000,100
4/6/2000,100
4/7/2000,90
4/8/2000,90
4/9/2000,100
4/10/2000,100
4/11/2000,90
4/12/2000,90
4/13/2000,80
4/14/2000,90
4/15/2000,90
4/16/2000,80
4/17/2000,90
4/18/2000,90
4/19/2000,100
4/20/2000,150
4/21/2000,90
4/22/2000,80
4/23/2000,80
4/24/2000,80
4/25/2000,80
4/26/2000,70
4/27/2000,80
4/28/2000,80
4/29/2000,70
4/30/2000,80
5/1/2000,80
5/2/2000,70
5/3/2000,70
5/4/2000,80
5/5/2000,80
5/6/2000,70
5/7/2000,60
5/8/2000,70
5/9/2000,80
5/10/2000,70
5/11/2000,60
5/12/2000,70
5/13/2000,70
5/14/2000,70
5/15/2000,80
5/16/2000,80
5/17/2000,80
5/18/2000,80
5/19/2000,90
5/20/2000,90
5/21/2000,80
5/22/2000,80
5/23/2000,80
5/24/2000,80
5/25/2000,70
5/26/2000,80
5/27/2000,80
5/28/2000,80
5/29/2000,70
5/30/2000,70
5/31/2000,70
6/1/2000,70
6/2/2000,70
6/3/2000,70
6/4/2000,80
6/5/2000,70
6/6/2000,90
6/7/2000,60
6/8/2000,60
6/9/2000,60
6/10/2000,60
6/11/2000,50
6/12/2000,50
6/13/2000,50
6/14/2000,50
6/15/2000,50
6/16/2000,50
6/17/2000,50
6/18/2000,60
6/19/2000,50
6/20/2000,50
6/21/2000,50
6/22/2000,50
6/23/2000,50
6/24/2000,50
6/25/2000,50
6/26/2000,50
6/27/2000,50
6/28/2000,50
6/29/2000,40
6/30/2000,50
7/1/2000,50
7/2/2000,50
7/3/2000,50
7/4/2000,40
7/5/2000,40
7/6/2000,40
7/7/2000,50
7/8/2000,50
7/9/2000,40
7/10/2000,40
7/11/2000,40
7/12/2000,40
7/13/2000,30
7/14/2000,40
7/15/2000,40
7/16/2000,40
7/17/2000,40
7/18/2000,40
7/19/2000,40
7/20/2000,40
7/21/2000,40
7/22/2000,40
7/23/2000,40
7/24/2000,40
7/25/2000,30
7/26/2000,40
7/27/2000,40
7/28/2000,40
7/29/2000,40
7/30/2000,40
7/31/2000,40
8/1/2000,40
8/2/2000,40
8/3/2000,40
8/4/2000,40
8/5/2000,40
8/6/2000,40
8/7/2000,40
8/8/2000,40
8/9/2000,40
8/10/2000,40
8/11/2000,40
8/12/2000,40
8/13/2000,40
8/14/2000,40
8/15/2000,40
8/16/2000,40
8/17/2000,40
8/18/2000,40
8/19/2000,40
8/20/2000,40
8/21/2000,40
8/22/2000,40
8/23/2000,30
8/24/2000,40
8/25/2000,40
8/26/2000,30
8/27/2000,30
8/28/2000,40
8/29/2000,30
8/30/2000,30
8/31/2000,30
9/1/2000,150
9/2/2000,140
9/3/2000,130
9/4/2000,120
9/5/2000,110
9/6/2000,110
9/7/2000,100
9/8/2000,90
9/9/2000,90
9/10/2000,80
9/11/2000,80
9/12/2000,70
9/13/2000,70
9/14/2000,60
9/15/2000,60
9/16/2000,50
9/17/2000,50
9/18/2000,50
9/19/2000,40
9/20/2000,40
9/21/2000,40
9/22/2000,40
9/23/2000,30
9/24/2000,30
9/25/2000,30
9/26/2000,30
9/27/2000,30
9/28/2000,30
9/29/2000,30
9/30/2000,30
10/1/2000,30
10/2/2000,30
10/3/2000,30
10/4/2000,40
10/5/2000,40
10/6/2000,40
10/7/2000,40
10/8/2000,40
10/9/2000,40
10/10/2000,40
10/11/2000,40
10/12/2000,40
10/13/2000,40
10/14/2000,40
10/15/2000,40
10/16/2000,40
10/17/2000,40
10/18/2000,50
10/19/2000,50
10/20/2000,50
10/21/2000,50
10/22/2000,50
10/23/2000,50
10/24/2000,50
10/25/2000,50
10/26/2000,50
10/27/2000,50
10/28/2000,50
10/29/2000,50
10/30/2000,50
10/31/2000,50
11/1/2000,50
11/2/2000,50
11/3/2000,50
11/4/2000,40
11/5/2000,40
11/6/2000,40
11/7/2000,40
11/8/2000,40
11/9/2000,40
11/10/2000,40
11/11/2000,40
11/12/2000,50
11/13/2000,50
11/14/2000,60
11/15/2000,60
11/16/2000,70
11/17/2000,70
11/18/2000,80
11/19/2000,90
11/20/2000,90
11/21/2000,100
11/22/2000,110
11/23/2000,90
11/24/2000,90
11/25/2000,90
11/26/2000,90
11/27/2000,80
11/28/2000,80
11/29/2000,80
11/30/2000,90
12/1/2000,100
12/2/2000,90
12/3/2000,90
12/4/2000,90
12/5/2000,90
12/6/2000,90
12/7/2000,100
12/8/2000,100
12/9/2000,110
12/10/2000,100
12/11/2000,100
12/12/2000,110
12/13/2000,110
12/14/2000,110
12/15/2000,110
12/16/2000,120
12/17/2000,120
12/18/2000,120
12/19/2000,120
12/20/2000,120
12/21/2000,120
12/22/2000,130
12/23/2000,130
12/24/2000,120
12/25/2000,120
12/26/2000,130
12/27/2000,270
12/28/2000,210
12/29/2000,130
12/30/2000,110
12/31/2000,110
1/1/2001,10
1/2/2001,10
1/3/2001,10
1/4/2001,10
1/5/2001,10
1/6/2001,10
1/7/2001,10
1/8/2001,10
1/9/2001,10
1/10/2001,10
1/11/2001,10
1/12/2001,10
1/13/2001,10
1/14/2001,10
1/15/2001,10
1/16/2001,10
1/17/2001,0
1/18/2001,0
1/19/2001,10
1/20/2001,10
1/21/2001,0
1/22/2001,0
1/23/2001,10
1/24/2001,10
1/25/2001,10
1/26/2001,10
1/27/2001,10
1/28/2001,0
1/29/2001,0
1/30/2001,10
1/31/2001,0
2/1/2001,0
2/2/2001,10
2/3/2001,10
2/4/2001,0
2/5/2001,10
2/6/2001,10
2/7/2001,10
2/8/2001,10
2/9/2001,10
2/10/2001,10
2/11/2001,10
2/12/2001,10
2/13/2001,10
2/14/2001,10
2/15/2001,10
2/16/2001,10
2/17/2001,10
2/18/2001,10
2/19/2001,10
2/20/2001,10
2/21/2001,10
2/22/2001,10
2/23/2001,10
2/24/2001,20
2/25/2001,20
2/26/2001,20
2/27/2001,10
2/28/2001,20
3/1/2001,10
3/2/2001,20
3/3/2001,20
3/4/2001,30
3/5/2001,50
3/6/2001,60
3/7/2001,40
3/8/2001,30
3/9/2001,40
3/10/2001,40
3/11/2001,50
3/12/2001,50
3/13/2001,50
3/14/2001,50
3/15/2001,50
3/16/2001,160
3/17/2001,120
3/18/2001,80
3/19/2001,70
3/20/2001,70
3/21/2001,70
3/22/2001,70
3/23/2001,70
3/24/2001,70
3/25/2001,80
3/26/2001,70
3/27/2001,70
3/28/2001,80
3/29/2001,80
3/30/2001,80
3/31/2001,90
4/1/2001,2330
4/2/2001,5630
4/3/2001,4000
4/4/2001,3820
4/5/2001,3770
4/6/2001,3750
4/7/2001,3950
4/8/2001,3610
4/9/2001,3800
4/10/2001,3760
4/11/2001,5790
4/12/2001,5110
4/13/2001,2960
4/14/2001,2550
4/15/2001,2240
4/16/2001,2250
4/17/2001,2250
4/18/2001,2250
4/19/2001,2140
4/20/2001,2380
4/21/2001,2230
4/22/2001,2010
4/23/2001,1890
4/24/2001,1730
4/25/2001,1700
4/26/2001,1780
4/27/2001,1780
4/28/2001,1830
4/29/2001,2120
4/30/2001,3150
5/1/2001,3220
5/2/2001,2780
5/3/2001,3030
5/4/2001,3110
5/5/2001,2980
5/6/2001,3020
5/7/2001,3360
5/8/2001,2720
5/9/2001,2580
5/10/2001,2570
5/11/2001,2440
5/12/2001,2430
5/13/2001,2440
5/14/2001,2440
5/15/2001,2520
5/16/2001,2390
5/17/2001,2320
5/18/2001,2560
5/19/2001,2630
5/20/2001,2500
5/21/2001,2510
5/22/2001,2360
5/23/2001,2390
5/24/2001,2460
5/25/2001,2380
5/26/2001,2300
5/27/2001,2280
5/28/2001,2300
5/29/2001,2260
5/30/2001,2250
5/31/2001,2280
6/1/2001,2190
6/2/2001,2070
6/3/2001,2010
6/4/2001,2030
6/5/2001,2800
6/6/2001,1340
6/7/2001,670
6/8/2001,600
6/9/2001,580
6/10/2001,540
6/11/2001,540
6/12/2001,500
6/13/2001,470
6/14/2001,440
6/15/2001,470
6/16/2001,390
6/17/2001,380
6/18/2001,330
6/19/2001,320
6/20/2001,300
6/21/2001,300
6/22/2001,320
6/23/2001,320
6/24/2001,290
6/25/2001,300
6/26/2001,310
6/27/2001,310
6/28/2001,300
6/29/2001,320
6/30/2001,310
7/1/2001,300
7/2/2001,280
7/3/2001,280
7/4/2001,300
7/5/2001,290
7/6/2001,290
7/7/2001,270
7/8/2001,270
7/9/2001,270
7/10/2001,290
7/11/2001,290
7/12/2001,280
7/13/2001,300
7/14/2001,290
7/15/2001,290
7/16/2001,270
7/17/2001,250
7/18/2001,240
7/19/2001,250
7/20/2001,250
7/21/2001,240
7/22/2001,240
7/23/2001,240
7/24/2001,240
7/25/2001,240
7/26/2001,240
7/27/2001,240
7/28/2001,240
7/29/2001,220
7/30/2001,230
7/31/2001,220
8/1/2001,220
8/2/2001,230
8/3/2001,220
8/4/2001,210
8/5/2001,230
8/6/2001,240
8/7/2001,280
8/8/2001,300
8/9/2001,300
8/10/2001,290
8/11/2001,280
8/12/2001,260
8/13/2001,240
8/14/2001,250
8/15/2001,260
8/16/2001,250
8/17/2001,240
8/18/2001,230
8/19/2001,220
8/20/2001,230
8/21/2001,230
8/22/2001,200
8/23/2001,210
8/24/2001,230
8/25/2001,230
8/26/2001,200
8/27/2001,200
8/28/2001,210
8/29/2001,200
8/30/2001,190
8/31/2001,210
9/1/2001,10
9/2/2001,10
9/3/2001,10
9/4/2001,10
9/5/2001,10
9/6/2001,10
9/7/2001,10
9/8/2001,20
9/9/2001,20
9/10/2001,10
9/11/2001,10
9/12/2001,10
9/13/2001,10
9/14/2001,10
9/15/2001,10
9/16/2001,10
9/17/2001,10
9/18/2001,20
9/19/2001,10
9/20/2001,10
9/21/2001,10
9/22/2001,20
9/23/2001,20
9/24/2001,10
9/25/2001,10
9/26/2001,10
9/27/2001,10
9/28/2001,10
9/29/2001,10
9/30/2001,10
10/1/2001,10
10/2/2001,10
10/3/2001,10
10/4/2001,10
10/5/2001,10
10/6/2001,10
10/7/2001,10
10/8/2001,10
10/9/2001,10
10/10/2001,10
10/11/2001,10
10/12/2001,0
10/13/2001,10
10/14/2001,0
10/15/2001,0
10/16/2001,10
10/17/2001,0
10/18/2001,0
10/19/2001,0
10/20/2001,10
10/21/2001,0
10/22/2001,0
10/23/2001,0
10/24/2001,10
10/25/2001,0
10/26/2001,0
10/27/2001,10
10/28/2001,0
10/29/2001,0
10/30/2001,10
10/31/2001,10
11/1/2001,10
11/2/2001,0
11/3/2001,10
11/4/2001,0
11/5/2001,0
11/6/2001,10
11/7/2001,10
11/8/2001,10
11/9/2001,10
11/10/2001,10
11/11/2001,10
11/12/2001,10
11/13/2001,10
11/14/2001,10
11/15/2001,10
11/16/2001,10
11/17/2001,10
11/18/2001,10
11/19/2001,10
11/20/2001,10
11/21/2001,10
11/22/2001,10
11/23/2001,10
11/24/2001,10
11/25/2001,10
11/26/2001,10
11/27/2001,10
11/28/2001,10
11/29/2001,10
11/30/2001,10
12/1/2001,10
12/2/2001,0
12/3/2001,10
12/4/2001,10
12/5/2001,0
12/6/2001,0
12/7/2001,10
12/8/2001,10
12/9/2001,0
12/10/2001,0
12/11/2001,10
12/12/2001,10
12/13/2001,10
12/14/2001,10
12/15/2001,10
12/16/2001,10
12/17/2001,10
12/18/2001,10
12/19/2001,10
12/20/2001,10
12/21/2001,10
12/22/2001,10
12/23/2001,10
12/24/2001,10
12/25/2001,10
12/26/2001,10
12/27/2001,10
12/28/2001,10
12/29/2001,10
12/30/2001,10
12/31/2001,10
1/1/2002,540
1/2/2002,540
1/3/2002,530
1/4/2002,540
1/5/2002,530
1/6/2002,500
1/7/2002,490
1/8/2002,490
1/9/2002,530
1/10/2002,790
1/11/2002,630
1/12/2002,600
1/13/2002,590
1/14/2002,580
1/15/2002,570
1/16/2002,560
1/17/2002,560
1/18/2002,580
1/19/2002,540
1/20/2002,510
1/21/2002,500
1/22/2002,500
1/23/2002,490
1/24/2002,500
1/25/2002,510
1/26/2002,500
1/27/2002,480
1/28/2002,480
1/29/2002,480
1/30/2002,490
1/31/2002,500
2/1/2002,510
2/2/2002,490
2/3/2002,490
2/4/2002,480
2/5/2002,500
2/6/2002,490
2/7/2002,500
2/8/2002,510
2/9/2002,500
2/10/2002,500
2/11/2002,510
2/12/2002,500
2/13/2002,510
2/14/2002,490
2/15/2002,520
2/16/2002,510
2/17/2002,470
2/18/2002,450
2/19/2002,460
2/20/2002,480
2/21/2002,450
2/22/2002,450
2/23/2002,430
2/24/2002,420
2/25/2002,450
2/26/2002,460
2/27/2002,440
2/28/2002,440
3/1/2002,440
3/2/2002,410
3/3/2002,410
3/4/2002,390
3/5/2002,380
3/6/2002,370
3/7/2002,390
3/8/2002,390
3/9/2002,370
3/10/2002,390
3/11/2002,410
3/12/2002,430
3/13/2002,430
3/14/2002,410
3/15/2002,440
3/16/2002,430
3/17/2002,650
3/18/2002,550
3/19/2002,500
3/20/2002,490
3/21/2002,560
3/22/2002,800
3/23/2002,790
3/24/2002,750
3/25/2002,780
3/26/2002,790
3/27/2002,780
3/28/2002,770
3/29/2002,790
3/30/2002,750
3/31/2002,690
4/1/2002,640
4/2/2002,630
4/3/2002,700
4/4/2002,710
4/5/2002,770
4/6/2002,740
4/7/2002,720
4/8/2002,950
4/9/2002,1060
4/10/2002,960
4/11/2002,910
4/12/2002,900
4/13/2002,850
4/14/2002,920
4/15/2002,920
4/16/2002,890
4/17/2002,860
4/18/2002,850
4/19/2002,840
4/20/2002,830
4/21/2002,820
4/22/2002,850
4/23/2002,830
4/24/2002,790
4/25/2002,740
4/26/2002,750
4/27/2002,680
4/28/2002,670
4/29/2002,730
4/30/2002,820
5/1/2002,910
5/2/2002,960
5/3/2002,1020
5/4/2002,1010
5/5/2002,1030
5/6/2002,1030
5/7/2002,950
5/8/2002,880
5/9/2002,860
5/10/2002,890
5/11/2002,890
5/12/2002,1130
5/13/2002,1360
5/14/2002,880
5/15/2002,710
5/16/2002,670
5/17/2002,690
5/18/2002,650
5/19/2002,610
5/20/2002,580
5/21/2002,670
5/22/2002,620
5/23/2002,580
5/24/2002,580
5/25/2002,560
5/26/2002,530
5/27/2002,490
5/28/2002,440
5/29/2002,440
5/30/2002,400
5/31/2002,450
6/1/2002,420
6/2/2002,410
6/3/2002,430
6/4/2002,410
6/5/2002,430
6/6/2002,550
6/7/2002,630
6/8/2002,710
6/9/2002,940
6/10/2002,810
6/11/2002,860
6/12/2002,690
6/13/2002,800
6/14/2002,1180
6/15/2002,1110
6/16/2002,830
6/17/2002,730
6/18/2002,650
6/19/2002,540
6/20/2002,460
6/21/2002,450
6/22/2002,420
6/23/2002,390
6/24/2002,340
6/25/2002,360
6/26/2002,340
6/27/2002,330
6/28/2002,370
6/29/2002,340
6/30/2002,330
7/1/2002,320
7/2/2002,330
7/3/2002,310
7/4/2002,300
7/5/2002,320
7/6/2002,330
7/7/2002,320
7/8/2002,340
7/9/2002,330
7/10/2002,310
7/11/2002,320
7/12/2002,340
7/13/2002,330
7/14/2002,310
7/15/2002,290
7/16/2002,290
7/17/2002,270
7/18/2002,280
7/19/2002,310
7/20/2002,290
7/21/2002,270
7/22/2002,280
7/23/2002,270
7/24/2002,320
7/25/2002,300
7/26/2002,280
7/27/2002,270
7/28/2002,250
7/29/2002,240
7/30/2002,250
7/31/2002,240
8/1/2002,210
8/2/2002,240
8/3/2002,210
8/4/2002,720
8/5/2002,1050
8/6/2002,590
8/7/2002,350
8/8/2002,360
8/9/2002,450
8/10/2002,490
8/11/2002,400
8/12/2002,910
8/13/2002,670
8/14/2002,2010
8/15/2002,820
8/16/2002,760
8/17/2002,640
8/18/2002,550
8/19/2002,400
8/20/2002,200
8/21/2002,150
8/22/2002,120
8/23/2002,140
8/24/2002,130
8/25/2002,120
8/26/2002,110
8/27/2002,120
8/28/2002,130
8/29/2002,130
8/30/2002,140
8/31/2002,120
9/1/2002,200
9/2/2002,190
9/3/2002,190
9/4/2002,210
9/5/2002,210
9/6/2002,200
9/7/2002,210
9/8/2002,210
9/9/2002,190
9/10/2002,180
9/11/2002,170
9/12/2002,170
9/13/2002,180
9/14/2002,190
9/15/2002,180
9/16/2002,170
9/17/2002,160
9/18/2002,180
9/19/2002,170
9/20/2002,180
9/21/2002,180
9/22/2002,180
9/23/2002,160
9/24/2002,170
9/25/2002,170
9/26/2002,180
9/27/2002,180
9/28/2002,190
9/29/2002,180
9/30/2002,160
10/1/2002,160
10/2/2002,180
10/3/2002,170
10/4/2002,170
10/5/2002,180
10/6/2002,180
10/7/2002,160
10/8/2002,160
10/9/2002,160
10/10/2002,180
10/11/2002,170
10/12/2002,180
10/13/2002,180
10/14/2002,170
10/15/2002,160
10/16/2002,160
10/17/2002,180
10/18/2002,170
10/19/2002,180
10/20/2002,180
10/21/2002,160
10/22/2002,160
10/23/2002,140
10/24/2002,140
10/25/2002,130
10/26/2002,150
10/27/2002,150
10/28/2002,130
10/29/2002,130
10/30/2002,120
10/31/2002,120
11/1/2002,130
11/2/2002,140
11/3/2002,130
11/4/2002,110
11/5/2002,110
11/6/2002,100
11/7/2002,110
11/8/2002,100
11/9/2002,110
11/10/2002,100
11/11/2002,90
11/12/2002,100
11/13/2002,100
11/14/2002,110
11/15/2002,1020
11/16/2002,590
11/17/2002,500
11/18/2002,430
11/19/2002,390
11/20/2002,380
11/21/2002,400
11/22/2002,420
11/23/2002,450
11/24/2002,450
11/25/2002,740
11/26/2002,640
11/27/2002,580
11/28/2002,540
11/29/2002,560
11/30/2002,580
12/1/2002,560
12/2/2002,550
12/3/2002,560
12/4/2002,530
12/5/2002,510
12/6/2002,510
12/7/2002,540
12/8/2002,530
12/9/2002,490
12/10/2002,480
12/11/2002,520
12/12/2002,520
12/13/2002,590
12/14/2002,610
12/15/2002,580
12/16/2002,550
12/17/2002,580
12/18/2002,620
12/19/2002,600
12/20/2002,590
12/21/2002,610
12/22/2002,600
12/23/2002,600
12/24/2002,610
12/25/2002,590
12/26/2002,590
12/27/2002,590
12/28/2002,600
12/29/2002,590
12/30/2002,570
12/31/2002,550
1/1/2003,390
1/2/2003,400
1/3/2003,430
1/4/2003,410
1/5/2003,390
1/6/2003,370
1/7/2003,390
1/8/2003,380
1/9/2003,390
1/10/2003,400
1/11/2003,390
1/12/2003,360
1/13/2003,340
1/14/2003,320
1/15/2003,300
1/16/2003,270
1/17/2003,290
1/18/2003,270
1/19/2003,280
1/20/2003,300
1/21/2003,290
1/22/2003,270
1/23/2003,270
1/24/2003,290
1/25/2003,270
1/26/2003,280
1/27/2003,270
1/28/2003,250
1/29/2003,250
1/30/2003,270
1/31/2003,290
2/1/2003,300
2/2/2003,270
2/3/2003,280
2/4/2003,260
2/5/2003,240
2/6/2003,200
2/7/2003,210
2/8/2003,190
2/9/2003,190
2/10/2003,170
2/11/2003,190
2/12/2003,190
2/13/2003,170
2/14/2003,190
2/15/2003,170
2/16/2003,170
2/17/2003,160
2/18/2003,170
2/19/2003,160
2/20/2003,190
2/21/2003,280
2/22/2003,280
2/23/2003,300
2/24/2003,270
2/25/2003,600
2/26/2003,940
2/27/2003,850
2/28/2003,890
3/1/2003,950
3/2/2003,1180
3/3/2003,980
3/4/2003,850
3/5/2003,860
3/6/2003,910
3/7/2003,890
3/8/2003,870
3/9/2003,820
3/10/2003,740
3/11/2003,650
3/12/2003,610
3/13/2003,800
3/14/2003,910
3/15/2003,880
3/16/2003,820
3/17/2003,770
3/18/2003,730
3/19/2003,690
3/20/2003,750
3/21/2003,680
3/22/2003,630
3/23/2003,610
3/24/2003,670
3/25/2003,660
3/26/2003,640
3/27/2003,740
3/28/2003,1120
3/29/2003,1000
3/30/2003,960
3/31/2003,930
4/1/2003,920
4/2/2003,920
4/3/2003,940
4/4/2003,920
4/5/2003,920
4/6/2003,910
4/7/2003,880
4/8/2003,850
4/9/2003,910
4/10/2003,970
4/11/2003,990
4/12/2003,930
4/13/2003,910
4/14/2003,920
4/15/2003,1360
4/16/2003,1290
4/17/2003,1150
4/18/2003,1100
4/19/2003,1100
4/20/2003,1080
4/21/2003,1120
4/22/2003,1150
4/23/2003,1230
4/24/2003,1290
4/25/2003,1290
4/26/2003,1240
4/27/2003,1230
4/28/2003,1270
4/29/2003,1500
4/30/2003,1420
5/1/2003,1260
5/2/2003,1440
5/3/2003,2110
5/4/2003,2160
5/5/2003,1990
5/6/2003,1830
5/7/2003,1650
5/8/2003,1530
5/9/2003,1420
5/10/2003,1450
5/11/2003,1600
5/12/2003,1500
5/13/2003,1370
5/14/2003,1320
5/15/2003,1270
5/16/2003,1240
5/17/2003,1300
5/18/2003,1300
5/19/2003,1290
5/20/2003,1330
5/21/2003,1360
5/22/2003,1380
5/23/2003,1350
5/24/2003,1310
5/25/2003,1270
5/26/2003,1340
5/27/2003,1340
5/28/2003,1330
5/29/2003,1540
5/30/2003,1620
5/31/2003,1460
6/1/2003,1500
6/2/2003,1420
6/3/2003,1380
6/4/2003,1410
6/5/2003,1430
6/6/2003,1290
6/7/2003,1220
6/8/2003,1150
6/9/2003,1120
6/10/2003,2440
6/11/2003,1080
6/12/2003,2680
6/13/2003,910
6/14/2003,750
6/15/2003,750
6/16/2003,740
6/17/2003,690
6/18/2003,660
6/19/2003,700
6/20/2003,660
6/21/2003,610
6/22/2003,610
6/23/2003,580
6/24/2003,550
6/25/2003,530
6/26/2003,540
6/27/2003,520
6/28/2003,460
6/29/2003,460
6/30/2003,430
7/1/2003,410
7/2/2003,400
7/3/2003,470
7/4/2003,460
7/5/2003,410
7/6/2003,430
7/7/2003,430
7/8/2003,450
7/9/2003,440
7/10/2003,460
7/11/2003,360
7/12/2003,330
7/13/2003,350
7/14/2003,330
7/15/2003,350
7/16/2003,360
7/17/2003,400
7/18/2003,380
7/19/2003,360
7/20/2003,340
7/21/2003,320
7/22/2003,320
7/23/2003,340
7/24/2003,350
7/25/2003,330
7/26/2003,330
7/27/2003,330
7/28/2003,310
7/29/2003,320
7/30/2003,320
7/31/2003,320
8/1/2003,310
8/2/2003,310
8/3/2003,310
8/4/2003,310
8/5/2003,320
8/6/2003,300
8/7/2003,320
8/8/2003,330
8/9/2003,340
8/10/2003,320
8/11/2003,340
8/12/2003,350
8/13/2003,320
8/14/2003,330
8/15/2003,340
8/16/2003,330
8/17/2003,340
8/18/2003,340
8/19/2003,350
8/20/2003,360
8/21/2003,360
8/22/2003,320
8/23/2003,320
8/24/2003,330
8/25/2003,310
8/26/2003,320
8/27/2003,320
8/28/2003,300
8/29/2003,290
8/30/2003,290
8/31/2003,0
9/1/2003,120
9/2/2003,120
9/3/2003,130
9/4/2003,130
9/5/2003,130
9/6/2003,140
9/7/2003,130
9/8/2003,120
9/9/2003,120
9/10/2003,110
9/11/2003,120
9/12/2003,130
9/13/2003,140
9/14/2003,250
9/15/2003,150
9/16/2003,110
9/17/2003,100
9/18/2003,80
9/19/2003,170
9/20/2003,220
9/21/2003,520
9/22/2003,650
9/23/2003,550
9/24/2003,530
9/25/2003,490
9/26/2003,440
9/27/2003,460
9/28/2003,410
9/29/2003,360
9/30/2003,320
10/1/2003,310
10/2/2003,330
10/3/2003,320
10/4/2003,370
10/5/2003,750
10/6/2003,460
10/7/2003,440
10/8/2003,380
10/9/2003,360
10/10/2003,340
10/11/2003,370
10/12/2003,350
10/13/2003,500
10/14/2003,680
10/15/2003,460
10/16/2003,420
10/17/2003,510
10/18/2003,500
10/19/2003,470
10/20/2003,670
10/21/2003,870
10/22/2003,1010
10/23/2003,1250
10/24/2003,940
10/25/2003,720
10/26/2003,620
10/27/2003,530
10/28/2003,470
10/29/2003,470
10/30/2003,480
10/31/2003,470
11/1/2003,620
11/2/2003,520
11/3/2003,480
11/4/2003,480
11/5/2003,500
11/6/2003,520
11/7/2003,490
11/8/2003,510
11/9/2003,460
11/10/2003,450
11/11/2003,440
11/12/2003,410
11/13/2003,390
11/14/2003,380
11/15/2003,420
11/16/2003,2190
11/17/2003,1090
11/18/2003,1010
11/19/2003,1000
11/20/2003,990
11/21/2003,970
11/22/2003,960
11/23/2003,960
11/24/2003,1120
11/25/2003,2210
11/26/2003,830
11/27/2003,790
11/28/2003,810
11/29/2003,820
11/30/2003,800
12/1/2003,780
12/2/2003,830
12/3/2003,870
12/4/2003,930
12/5/2003,910
12/6/2003,920
12/7/2003,880
12/8/2003,820
12/9/2003,810
12/10/2003,1070
12/11/2003,930
12/12/2003,870
12/13/2003,890
12/14/2003,910
12/15/2003,900
12/16/2003,1030
12/17/2003,1070
12/18/2003,990
12/19/2003,1110
12/20/2003,1220
12/21/2003,1310
12/22/2003,1230
12/23/2003,1220
12/24/2003,910
12/25/2003,380
12/26/2003,360
12/27/2003,390
12/28/2003,420
12/29/2003,390
12/30/2003,410
12/31/2003,400
1/1/2004,450
1/2/2004,440
1/3/2004,430
1/4/2004,440
1/5/2004,420
1/6/2004,410
1/7/2004,410
1/8/2004,410
1/9/2004,410
1/10/2004,410
1/11/2004,390
1/12/2004,380
1/13/2004,390
1/14/2004,400
1/15/2004,410
1/16/2004,400
1/17/2004,400
1/18/2004,380
1/19/2004,390
1/20/2004,410
1/21/2004,410
1/22/2004,380
1/23/2004,370
1/24/2004,360
1/25/2004,370
1/26/2004,380
1/27/2004,410
1/28/2004,420
1/29/2004,440
1/30/2004,410
1/31/2004,400
2/1/2004,380
2/2/2004,370
2/3/2004,350
2/4/2004,350
2/5/2004,400
2/6/2004,370
2/7/2004,450
2/8/2004,480
2/9/2004,480
2/10/2004,470
2/11/2004,440
2/12/2004,440
2/13/2004,420
2/14/2004,410
2/15/2004,430
2/16/2004,470
2/17/2004,450
2/18/2004,430
2/19/2004,440
2/20/2004,430
2/21/2004,390
2/22/2004,380
2/23/2004,380
2/24/2004,370
2/25/2004,390
2/26/2004,480
2/27/2004,450
2/28/2004,690
2/29/2004,690
3/1/2004,930
3/2/2004,820
3/3/2004,780
3/4/2004,940
3/5/2004,1100
3/6/2004,1070
3/7/2004,1030
3/8/2004,1040
3/9/2004,1070
3/10/2004,1130
3/11/2004,1250
3/12/2004,1260
3/13/2004,1220
3/14/2004,1240
3/15/2004,1260
3/16/2004,1220
3/17/2004,1220
3/18/2004,1260
3/19/2004,1330
3/20/2004,1310
3/21/2004,1190
3/22/2004,1160
3/23/2004,1180
3/24/2004,1230
3/25/2004,1220
3/26/2004,1290
3/27/2004,1230
3/28/2004,1220
3/29/2004,1170
3/30/2004,1150
3/31/2004,1170
4/1/2004,1210
4/2/2004,1280
4/3/2004,1320
4/4/2004,1260
4/5/2004,1220
4/6/2004,1240
4/7/2004,1210
4/8/2004,1250
4/9/2004,1350
4/10/2004,1300
4/11/2004,1200
4/12/2004,1160
4/13/2004,1110
4/14/2004,1150
4/15/2004,1210
4/16/2004,1260
4/17/2004,1180
4/18/2004,1150
4/19/2004,1150
4/20/2004,1200
4/21/2004,1250
4/22/2004,1320
4/23/2004,1370
4/24/2004,1330
4/25/2004,1290
4/26/2004,1300
4/27/2004,1260
4/28/2004,1310
4/29/2004,1290
4/30/2004,1350
5/1/2004,1310
5/2/2004,1210
5/3/2004,1170
5/4/2004,1160
5/5/2004,1150
5/6/2004,1080
5/7/2004,1180
5/8/2004,1080
5/9/2004,1030
5/10/2004,960
5/11/2004,1040
5/12/2004,1120
5/13/2004,1180
5/14/2004,1150
5/15/2004,1060
5/16/2004,1050
5/17/2004,1050
5/18/2004,990
5/19/2004,980
5/20/2004,1010
5/21/2004,1100
5/22/2004,1010
5/23/2004,980
5/24/2004,950
5/25/2004,970
5/26/2004,960
5/27/2004,960
5/28/2004,1000
5/29/2004,970
5/30/2004,960
5/31/2004,990
6/1/2004,980
6/2/2004,980
6/3/2004,980
6/4/2004,990
6/5/2004,930
6/6/2004,920
6/7/2004,910
6/8/2004,940
6/9/2004,940
6/10/2004,1040
6/11/2004,1130
6/12/2004,1010
6/13/2004,1020
6/14/2004,1010
6/15/2004,990
6/16/2004,970
6/17/2004,940
6/18/2004,970
6/19/2004,950
6/20/2004,930
6/21/2004,900
6/22/2004,940
6/23/2004,930
6/24/2004,930
6/25/2004,940
6/26/2004,920
6/27/2004,900
6/28/2004,920
6/29/2004,910
6/30/2004,900
7/1/2004,900
7/2/2004,920
7/3/2004,880
7/4/2004,880
7/5/2004,890
7/6/2004,910
7/7/2004,890
7/8/2004,870
7/9/2004,910
7/10/2004,890
7/11/2004,900
7/12/2004,870
7/13/2004,850
7/14/2004,840
7/15/2004,870
7/16/2004,890
7/17/2004,860
7/18/2004,830
7/19/2004,850
7/20/2004,850
7/21/2004,810
7/22/2004,820
7/23/2004,850
7/24/2004,810
7/25/2004,820
7/26/2004,810
7/27/2004,790
7/28/2004,810
7/29/2004,820
7/30/2004,840
7/31/2004,820
8/1/2004,800
8/2/2004,810
8/3/2004,790
8/4/2004,800
8/5/2004,770
8/6/2004,810
8/7/2004,800
8/8/2004,800
8/9/2004,790
8/10/2004,760
8/11/2004,780
8/12/2004,800
8/13/2004,780
8/14/2004,760
8/15/2004,740
8/16/2004,770
8/17/2004,740
8/18/2004,1110
8/19/2004,770
8/20/2004,730
8/21/2004,730
8/22/2004,730
8/23/2004,730
8/24/2004,730
8/25/2004,730
8/26/2004,730
8/27/2004,730
8/28/2004,730
8/29/2004,730
8/30/2004,730
8/31/2004,690
9/1/2004,290
9/2/2004,300
9/3/2004,310
9/4/2004,300
9/5/2004,320
9/6/2004,310
9/7/2004,290
9/8/2004,300
9/9/2004,300
9/10/2004,320
9/11/2004,330
9/12/2004,300
9/13/2004,300
9/14/2004,280
9/15/2004,290
9/16/2004,280
9/17/2004,300
9/18/2004,310
9/19/2004,290
9/20/2004,290
9/21/2004,290
9/22/2004,290
9/23/2004,270
9/24/2004,270
9/25/2004,290
9/26/2004,270
9/27/2004,270
9/28/2004,270
9/29/2004,1190
9/30/2004,80
10/1/2004,80
10/2/2004,80
10/3/2004,80
10/4/2004,80
10/5/2004,80
10/6/2004,90
10/7/2004,90
10/8/2004,90
10/9/2004,90
10/10/2004,90
10/11/2004,90
10/12/2004,90
10/13/2004,90
10/14/2004,90
10/15/2004,90
10/16/2004,90
10/17/2004,90
10/18/2004,100
10/19/2004,100
10/20/2004,100
10/21/2004,100
10/22/2004,100
10/23/2004,100
10/24/2004,100
10/25/2004,110
10/26/2004,150
10/27/2004,220
10/28/2004,330
10/29/2004,490
10/30/2004,590
10/31/2004,400
11/1/2004,370
11/2/2004,330
11/3/2004,230
11/4/2004,160
11/5/2004,180
11/6/2004,190
11/7/2004,160
11/8/2004,280
11/9/2004,370
11/10/2004,400
11/11/2004,440
11/12/2004,600
11/13/2004,680
11/14/2004,710
11/15/2004,660
11/16/2004,630
11/17/2004,590
11/18/2004,560
11/19/2004,540
11/20/2004,540
11/21/2004,530
11/22/2004,520
11/23/2004,490
11/24/2004,490
11/25/2004,480
11/26/2004,490
11/27/2004,510
11/28/2004,470
11/29/2004,450
11/30/2004,440
12/1/2004,470
12/2/2004,450
12/3/2004,480
12/4/2004,510
12/5/2004,480
12/6/2004,510
12/7/2004,490
12/8/2004,490
12/9/2004,470
12/10/2004,460
12/11/2004,490
12/12/2004,470
12/13/2004,450
12/14/2004,460
12/15/2004,470
12/16/2004,450
12/17/2004,460
12/18/2004,470
12/19/2004,440
12/20/2004,410
12/21/2004,430
12/22/2004,460
12/23/2004,480
12/24/2004,480
12/25/2004,490
12/26/2004,500
12/27/2004,480
12/28/2004,480
12/29/2004,470
12/30/2004,440
12/31/2004,440
1/1/2005,210
1/2/2005,210
1/3/2005,210
1/4/2005,200
1/5/2005,190
1/6/2005,220
1/7/2005,510
1/8/2005,350
1/9/2005,270
1/10/2005,260
1/11/2005,270
1/12/2005,270
1/13/2005,250
1/14/2005,260
1/15/2005,250
1/16/2005,340
1/17/2005,340
1/18/2005,320
1/19/2005,340
1/20/2005,360
1/21/2005,370
1/22/2005,360
1/23/2005,350
1/24/2005,340
1/25/2005,340
1/26/2005,350
1/27/2005,340
1/28/2005,440
1/29/2005,430
1/30/2005,500
1/31/2005,440
2/1/2005,430
2/2/2005,440
2/3/2005,420
2/4/2005,440
2/5/2005,420
2/6/2005,410
2/7/2005,390
2/8/2005,410
2/9/2005,430
2/10/2005,480
2/11/2005,500
2/12/2005,780
2/13/2005,580
2/14/2005,470
2/15/2005,410
2/16/2005,420
2/17/2005,400
2/18/2005,380
2/19/2005,400
2/20/2005,350
2/21/2005,330
2/22/2005,400
2/23/2005,400
2/24/2005,390
2/25/2005,390
2/26/2005,380
2/27/2005,360
2/28/2005,410
3/1/2005,430
3/2/2005,410
3/3/2005,420
3/4/2005,420
3/5/2005,390
3/6/2005,370
3/7/2005,360
3/8/2005,350
3/9/2005,380
3/10/2005,400
3/11/2005,410
3/12/2005,390
3/13/2005,390
3/14/2005,350
3/15/2005,330
3/16/2005,320
3/17/2005,310
3/18/2005,320
3/19/2005,340
3/20/2005,350
3/21/2005,360
3/22/2005,330
3/23/2005,260
3/24/2005,230
3/25/2005,240
3/26/2005,230
3/27/2005,190
3/28/2005,230
3/29/2005,220
3/30/2005,240
3/31/2005,270
4/1/2005,320
4/2/2005,330
4/3/2005,330
4/4/2005,380
4/5/2005,380
4/6/2005,410
4/7/2005,390
4/8/2005,410
4/9/2005,380
4/10/2005,2340
4/11/2005,1350
4/12/2005,410
4/13/2005,370
4/14/2005,370
4/15/2005,370
4/16/2005,370
4/17/2005,370
4/18/2005,370
4/19/2005,370
4/20/2005,370
4/21/2005,370
4/22/2005,370
4/23/2005,400
4/24/2005,7230
4/25/2005,2230
4/26/2005,370
4/27/2005,370
4/28/2005,370
4/29/2005,370
4/30/2005,370
5/1/2005,390
5/2/2005,400
5/3/2005,400
5/4/2005,400
5/5/2005,400
5/6/2005,400
5/7/2005,400
5/8/2005,400
5/9/2005,400
5/10/2005,400
5/11/2005,400
5/12/2005,400
5/13/2005,400
5/14/2005,400
5/15/2005,400
5/16/2005,390
5/17/2005,380
5/18/2005,380
5/19/2005,370
5/20/2005,370
5/21/2005,370
5/22/2005,370
5/23/2005,370
5/24/2005,370
5/25/2005,370
5/26/2005,370
5/27/2005,370
5/28/2005,370
5/29/2005,370
5/30/2005,370
5/31/2005,370
6/1/2005,370
6/2/2005,370
6/3/2005,380
6/4/2005,380
6/5/2005,380
6/6/2005,370
6/7/2005,370
6/8/2005,370
6/9/2005,370
6/10/2005,370
6/11/2005,370
6/12/2005,370
6/13/2005,370
6/14/2005,370
6/15/2005,370
6/16/2005,370
6/17/2005,370
6/18/2005,370
6/19/2005,370
6/20/2005,370
6/21/2005,370
6/22/2005,370
6/23/2005,470
6/24/2005,2950
6/25/2005,4580
6/26/2005,5100
6/27/2005,4870
6/28/2005,4680
6/29/2005,4530
6/30/2005,4550
7/1/2005,4680
7/2/2005,4570
7/3/2005,4450
7/4/2005,4380
7/5/2005,4520
7/6/2005,4360
7/7/2005,4520
7/8/2005,4670
7/9/2005,4520
7/10/2005,4330
7/11/2005,4280
7/12/2005,4200
7/13/2005,4300
7/14/2005,4400
7/15/2005,4520
7/16/2005,4430
7/17/2005,4340
7/18/2005,4380
7/19/2005,4420
7/20/2005,4300
7/21/2005,4310
7/22/2005,4420
7/23/2005,4380
7/24/2005,4250
7/25/2005,4130
7/26/2005,4190
7/27/2005,4190
7/28/2005,4170
7/29/2005,4290
7/30/2005,4150
7/31/2005,4100
8/1/2005,4160
8/2/2005,4160
8/3/2005,4160
8/4/2005,4200
8/5/2005,4240
8/6/2005,4120
8/7/2005,4060
8/8/2005,4030
8/9/2005,4060
8/10/2005,4020
8/11/2005,3980
8/12/2005,4000
8/13/2005,3940
8/14/2005,3970
8/15/2005,3930
8/16/2005,3890
8/17/2005,3930
8/18/2005,3890
8/19/2005,3910
8/20/2005,3880
8/21/2005,3850
8/22/2005,3800
8/23/2005,3830
8/24/2005,3760
8/25/2005,3750
8/26/2005,3790
8/27/2005,3760
8/28/2005,3750
8/29/2005,3750
8/30/2005,3750
8/31/2005,3750
9/1/2005,200
9/2/2005,170
9/3/2005,170
9/4/2005,170
9/5/2005,170
9/6/2005,170
9/7/2005,170
9/8/2005,170
9/9/2005,170
9/10/2005,170
9/11/2005,170
9/12/2005,170
9/13/2005,170
9/14/2005,170
9/15/2005,170
9/16/2005,170
9/17/2005,170
9/18/2005,180
9/19/2005,180
9/20/2005,180
9/21/2005,180
9/22/2005,180
9/23/2005,180
9/24/2005,180
9/25/2005,180
9/26/2005,180
9/27/2005,180
9/28/2005,180
9/29/2005,180
9/30/2005,210
10/1/2005,720
10/2/2005,790
10/3/2005,790
10/4/2005,790
10/5/2005,790
10/6/2005,790
10/7/2005,790
10/8/2005,1140
10/9/2005,780
10/10/2005,730
10/11/2005,180
10/12/2005,170
10/13/2005,180
10/14/2005,210
10/15/2005,190
10/16/2005,170
10/17/2005,160
10/18/2005,160
10/19/2005,170
10/20/2005,170
10/21/2005,150
10/22/2005,140
10/23/2005,140
10/24/2005,140
10/25/2005,150
10/26/2005,170
10/27/2005,170
10/28/2005,170
10/29/2005,180
10/30/2005,250
10/31/2005,310
11/1/2005,260
11/2/2005,250
11/3/2005,250
11/4/2005,250
11/5/2005,250
11/6/2005,260
11/7/2005,260
11/8/2005,260
11/9/2005,240
11/10/2005,160
11/11/2005,170
11/12/2005,170
11/13/2005,180
11/14/2005,190
11/15/2005,190
11/16/2005,160
11/17/2005,160
11/18/2005,160
11/19/2005,170
11/20/2005,180
11/21/2005,160
11/22/2005,150
11/23/2005,140
11/24/2005,140
11/25/2005,150
11/26/2005,170
11/27/2005,170
11/28/2005,180
11/29/2005,190
11/30/2005,250
12/1/2005,230
12/2/2005,200
12/3/2005,190
12/4/2005,200
12/5/2005,190
12/6/2005,180
12/7/2005,180
12/8/2005,180
12/9/2005,180
12/10/2005,170
12/11/2005,180
12/12/2005,170
12/13/2005,180
12/14/2005,180
12/15/2005,190
12/16/2005,180
12/17/2005,170
12/18/2005,190
12/19/2005,190
12/20/2005,180
12/21/2005,190
12/22/2005,200
12/23/2005,200
12/24/2005,200
12/25/2005,210
12/26/2005,220
12/27/2005,210
12/28/2005,210
12/29/2005,220
12/30/2005,220
12/31/2005,220
1/1/2006,1020
1/2/2006,910
1/3/2006,860
1/4/2006,950
1/5/2006,870
1/6/2006,770
1/7/2006,750
1/8/2006,660
1/9/2006,560
1/10/2006,670
1/11/2006,550
1/12/2006,490
1/13/2006,560
1/14/2006,430
1/15/2006,470
1/16/2006,430
1/17/2006,400
1/18/2006,340
1/19/2006,390
1/20/2006,470
1/21/2006,380
1/22/2006,340
1/23/2006,320
1/24/2006,340
1/25/2006,360
1/26/2006,320
1/27/2006,400
1/28/2006,490
1/29/2006,1200
1/30/2006,920
1/31/2006,810
2/1/2006,960
2/2/2006,1580
2/3/2006,1970
2/4/2006,1630
2/5/2006,1530
2/6/2006,1730
2/7/2006,1710
2/8/2006,1560
2/9/2006,1570
2/10/2006,1640
2/11/2006,1700
2/12/2006,1540
2/13/2006,1400
2/14/2006,1510
2/15/2006,1410
2/16/2006,1410
2/17/2006,1610
2/18/2006,1570
2/19/2006,1300
2/20/2006,1700
2/21/2006,1790
2/22/2006,1740
2/23/2006,1870
2/24/2006,1800
2/25/2006,1690
2/26/2006,1690
2/27/2006,1830
2/28/2006,1820
3/1/2006,1760
3/2/2006,1800
3/3/2006,1820
3/4/2006,1760
3/5/2006,1810
3/6/2006,1780
3/7/2006,1700
3/8/2006,1640
3/9/2006,1300
3/10/2006,1080
3/11/2006,1020
3/12/2006,980
3/13/2006,1170
3/14/2006,1040
3/15/2006,950
3/16/2006,1160
3/17/2006,1220
3/18/2006,960
3/19/2006,860
3/20/2006,840
3/21/2006,780
3/22/2006,720
3/23/2006,830
3/24/2006,950
3/25/2006,870
3/26/2006,720
3/27/2006,940
3/28/2006,930
3/29/2006,960
3/30/2006,1060
3/31/2006,1120
4/1/2006,950
4/2/2006,950
4/3/2006,880
4/4/2006,770
4/5/2006,680
4/6/2006,1380
4/7/2006,1330
4/8/2006,830
4/9/2006,790
4/10/2006,850
4/11/2006,2730
4/12/2006,2330
4/13/2006,1970
4/14/2006,1840
4/15/2006,1920
4/16/2006,1710
4/17/2006,2000
4/18/2006,2020
4/19/2006,1900
4/20/2006,2090
4/21/2006,3460
4/22/2006,2580
4/23/2006,2100
4/24/2006,2070
4/25/2006,2140
4/26/2006,2420
4/27/2006,3050
4/28/2006,3540
4/29/2006,3530
4/30/2006,3280
5/1/2006,3680
5/2/2006,3130
5/3/2006,3370
5/4/2006,3170
5/5/2006,3070
5/6/2006,2580
5/7/2006,2320
5/8/2006,2210
5/9/2006,2020
5/10/2006,1980
5/11/2006,1990
5/12/2006,2230
5/13/2006,2280
5/14/2006,2040
5/15/2006,2080
5/16/2006,1930
5/17/2006,1950
5/18/2006,1920
5/19/2006,1860
5/20/2006,1810
5/21/2006,2370
5/22/2006,4350
5/23/2006,2490
5/24/2006,2140
5/25/2006,1900
5/26/2006,1760
5/27/2006,1750
5/28/2006,1750
5/29/2006,1700
5/30/2006,1740
5/31/2006,1820
6/1/2006,1690
6/2/2006,1690
6/3/2006,1620
6/4/2006,1400
6/5/2006,1260
6/6/2006,1100
6/7/2006,1260
6/8/2006,1340
6/9/2006,1550
6/10/2006,1400
6/11/2006,1240
6/12/2006,1200
6/13/2006,890
6/14/2006,750
6/15/2006,810
6/16/2006,1080
6/17/2006,840
6/18/2006,770
6/19/2006,690
6/20/2006,600
6/21/2006,480
6/22/2006,490
6/23/2006,450
6/24/2006,410
6/25/2006,430
6/26/2006,450
6/27/2006,480
6/28/2006,430
6/29/2006,430
6/30/2006,490
7/1/2006,400
7/2/2006,370
7/3/2006,350
7/4/2006,360
7/5/2006,370
7/6/2006,330
7/7/2006,330
7/8/2006,300
7/9/2006,310
7/10/2006,300
7/11/2006,280
7/12/2006,310
7/13/2006,340
7/14/2006,360
7/15/2006,310
7/16/2006,310
7/17/2006,300
7/18/2006,340
7/19/2006,370
7/20/2006,350
7/21/2006,370
7/22/2006,340
7/23/2006,290
7/24/2006,310
7/25/2006,290
7/26/2006,270
7/27/2006,300
7/28/2006,260
7/29/2006,280
7/30/2006,280
7/31/2006,310
8/1/2006,290
8/2/2006,280
8/3/2006,250
8/4/2006,290
8/5/2006,270
8/6/2006,290
8/7/2006,290
8/8/2006,300
8/9/2006,4250
8/10/2006,4410
8/11/2006,1700
8/12/2006,1240
8/13/2006,470
8/14/2006,280
8/15/2006,230
8/16/2006,200
8/17/2006,180
8/18/2006,200
8/19/2006,180
8/20/2006,160
8/21/2006,180
8/22/2006,160
8/23/2006,140
8/24/2006,140
8/25/2006,170
8/26/2006,170
8/27/2006,180
8/28/2006,160
8/29/2006,130
8/30/2006,140
8/31/2006,140
9/1/2006,3790
9/2/2006,560
9/3/2006,1100
9/4/2006,760
9/5/2006,490
9/6/2006,360
9/7/2006,290
9/8/2006,340
9/9/2006,380
9/10/2006,290
9/11/2006,250
9/12/2006,270
9/13/2006,270
9/14/2006,250
9/15/2006,250
9/16/2006,300
9/17/2006,250
9/18/2006,250
9/19/2006,220
9/20/2006,210
9/21/2006,190
9/22/2006,190
9/23/2006,240
9/24/2006,250
9/25/2006,220
9/26/2006,210
9/27/2006,190
9/28/2006,190
9/29/2006,210
9/30/2006,240
10/1/2006,220
10/2/2006,220
10/3/2006,190
10/4/2006,210
10/5/2006,240
10/6/2006,230
10/7/2006,220
10/8/2006,190
10/9/2006,170
10/10/2006,150
10/11/2006,170
10/12/2006,190
10/13/2006,170
10/14/2006,190
10/15/2006,190
10/16/2006,240
10/17/2006,210
10/18/2006,190
10/19/2006,210
10/20/2006,220
10/21/2006,250
10/22/2006,230
10/23/2006,240
10/24/2006,220
10/25/2006,2000
10/26/2006,1200
10/27/2006,880
10/28/2006,2670
10/29/2006,2750
10/30/2006,4000
10/31/2006,3110
11/1/2006,2350
11/2/2006,2230
11/3/2006,2200
11/4/2006,2200
11/5/2006,2070
11/6/2006,1890
11/7/2006,1760
11/8/2006,2130
11/9/2006,1660
11/10/2006,1670
11/11/2006,1670
11/12/2006,1380
11/13/2006,1300
11/14/2006,1200
11/15/2006,1150
11/16/2006,1340
11/17/2006,1300
11/18/2006,1310
11/19/2006,970
11/20/2006,770
11/21/2006,650
11/22/2006,650
11/23/2006,630
11/24/2006,570
11/25/2006,1420
11/26/2006,1410
11/27/2006,870
11/28/2006,750
11/29/2006,880
11/30/2006,880
12/1/2006,900
12/2/2006,950
12/3/2006,870
12/4/2006,720
12/5/2006,790
12/6/2006,760
12/7/2006,790
12/8/2006,710
12/9/2006,850
12/10/2006,1500
12/11/2006,1180
12/12/2006,1050
12/13/2006,1080
12/14/2006,1130
12/15/2006,1170
12/16/2006,1290
12/17/2006,1200
12/18/2006,1150
12/19/2006,1190
12/20/2006,1230
12/21/2006,1240
12/22/2006,1230
12/23/2006,1270
12/24/2006,1090
12/25/2006,1120
12/26/2006,1040
12/27/2006,980
12/28/2006,1050
12/29/2006,980
12/30/2006,1120
12/31/2006,1080
1/1/2007,1060
1/2/2007,1050
1/3/2007,1300
1/4/2007,7410
1/5/2007,3180
1/6/2007,1820
1/7/2007,1740
1/8/2007,1710
1/9/2007,1660
1/10/2007,1600
1/11/2007,1570
1/12/2007,1540
1/13/2007,1510
1/14/2007,1510
1/15/2007,1510
1/16/2007,1440
1/17/2007,1400
1/18/2007,1400
1/19/2007,1440
1/20/2007,1370
1/21/2007,1300
1/22/2007,1350
1/23/2007,1330
1/24/2007,1310
1/25/2007,1230
1/26/2007,1260
1/27/2007,1260
1/28/2007,1220
1/29/2007,1190
1/30/2007,1170
1/31/2007,1020
2/1/2007,1020
2/2/2007,980
2/3/2007,1040
2/4/2007,990
2/5/2007,960
2/6/2007,800
2/7/2007,750
2/8/2007,670
2/9/2007,620
2/10/2007,550
2/11/2007,440
2/12/2007,470
2/13/2007,390
2/14/2007,370
2/15/2007,430
2/16/2007,430
2/17/2007,510
2/18/2007,1050
2/19/2007,960
2/20/2007,720
2/21/2007,1070
2/22/2007,1720
2/23/2007,3710
2/24/2007,5880
2/25/2007,5080
2/26/2007,3800
2/27/2007,3000
2/28/2007,2720
3/1/2007,2180
3/2/2007,2210
3/3/2007,2080
3/4/2007,2070
3/5/2007,2010
3/6/2007,1940
3/7/2007,1870
3/8/2007,1860
3/9/2007,1910
3/10/2007,1730
3/11/2007,1620
3/12/2007,1590
3/13/2007,1640
3/14/2007,1710
3/15/2007,1720
3/16/2007,1730
3/17/2007,1770
3/18/2007,1780
3/19/2007,1940
3/20/2007,3080
3/21/2007,3390
3/22/2007,3040
3/23/2007,2820
3/24/2007,2570
3/25/2007,2290
3/26/2007,2090
3/27/2007,2120
3/28/2007,2160
3/29/2007,2140
3/30/2007,2040
3/31/2007,2010
4/1/2007,2120
4/2/2007,1990
4/3/2007,1990
4/4/2007,2150
4/5/2007,2370
4/6/2007,2280
4/7/2007,2300
4/8/2007,2330
4/9/2007,2180
4/10/2007,2600
4/11/2007,3100
4/12/2007,3100
4/13/2007,2760
4/14/2007,2280
4/15/2007,2110
4/16/2007,2090
4/17/2007,2020
4/18/2007,2400
4/19/2007,2710
4/20/2007,2740
4/21/2007,2780
4/22/2007,2710
4/23/2007,2840
4/24/2007,3360
4/25/2007,3560
4/26/2007,3450
4/27/2007,3240
4/28/2007,2780
4/29/2007,2580
4/30/2007,1690
5/1/2007,1780
5/2/2007,1770
5/3/2007,1840
5/4/2007,1760
5/5/2007,1750
5/6/2007,1900
5/7/2007,1920
5/8/2007,2080
5/9/2007,2310
5/10/2007,2020
5/11/2007,1930
5/12/2007,1760
5/13/2007,1670
5/14/2007,1490
5/15/2007,1390
5/16/2007,1480
5/17/2007,2700
5/18/2007,2390
5/19/2007,1800
5/20/2007,1690
5/21/2007,1570
5/22/2007,1500
5/23/2007,1490
5/24/2007,1500
5/25/2007,1440
5/26/2007,1400
5/27/2007,1330
5/28/2007,1260
5/29/2007,1210
5/30/2007,1070
5/31/2007,1060
6/1/2007,870
6/2/2007,680
6/3/2007,580
6/4/2007,550
6/5/2007,430
6/6/2007,430
6/7/2007,410
6/8/2007,420
6/9/2007,450
6/10/2007,450
6/11/2007,480
6/12/2007,490
6/13/2007,520
6/14/2007,560
6/15/2007,540
6/16/2007,540
6/17/2007,480
6/18/2007,450
6/19/2007,420
6/20/2007,410
6/21/2007,440
6/22/2007,420
6/23/2007,360
6/24/2007,410
6/25/2007,450
6/26/2007,470
6/27/2007,430
6/28/2007,470
6/29/2007,470
6/30/2007,420
7/1/2007,420
7/2/2007,440
7/3/2007,410
7/4/2007,450
7/5/2007,470
7/6/2007,450
7/7/2007,370
7/8/2007,830
7/9/2007,1190
7/10/2007,1000
7/11/2007,930
7/12/2007,980
7/13/2007,440
7/14/2007,200
7/15/2007,280
7/16/2007,270
7/17/2007,280
7/18/2007,250
7/19/2007,310
7/20/2007,310
7/21/2007,310
7/22/2007,290
7/23/2007,750
7/24/2007,600
7/25/2007,280
7/26/2007,180
7/27/2007,150
7/28/2007,130
7/29/2007,120
7/30/2007,100
7/31/2007,150
8/1/2007,170
8/2/2007,180
8/3/2007,120
8/4/2007,100
8/5/2007,70
8/6/2007,40
8/7/2007,40
8/8/2007,30
8/9/2007,40
8/10/2007,20
8/11/2007,20
8/12/2007,20
8/13/2007,20
8/14/2007,20
8/15/2007,20
8/16/2007,20
8/17/2007,20
8/18/2007,20
8/19/2007,20
8/20/2007,20
8/21/2007,20
8/22/2007,20
8/23/2007,20
8/24/2007,20
8/25/2007,20
8/26/2007,30
8/27/2007,50
8/28/2007,20
8/29/2007,20
8/30/2007,30
8/31/2007,0
9/1/2007,130
9/2/2007,150
9/3/2007,170
9/4/2007,170
9/5/2007,160
9/6/2007,130
9/7/2007,160
9/8/2007,180
9/9/2007,160
9/10/2007,180
9/11/2007,190
9/12/2007,200
9/13/2007,210
9/14/2007,200
9/15/2007,220
9/16/2007,200
9/17/2007,170
9/18/2007,180
9/19/2007,160
9/20/2007,180
9/21/2007,180
9/22/2007,200
9/23/2007,190
9/24/2007,180
9/25/2007,170
9/26/2007,180
9/27/2007,180
9/28/2007,220
9/29/2007,200
9/30/2007,200
10/1/2007,200
10/2/2007,200
10/3/2007,200
10/4/2007,190
10/5/2007,190
10/6/2007,200
10/7/2007,190
10/8/2007,180
10/9/2007,180
10/10/2007,170
10/11/2007,160
10/12/2007,170
10/13/2007,180
10/14/2007,170
10/15/2007,170
10/16/2007,160
10/17/2007,150
10/18/2007,160
10/19/2007,140
10/20/2007,140
10/21/2007,150
10/22/2007,160
10/23/2007,140
10/24/2007,140
10/25/2007,140
10/26/2007,150
10/27/2007,160
10/28/2007,140
10/29/2007,140
10/30/2007,140
10/31/2007,140
11/1/2007,140
11/2/2007,140
11/3/2007,140
11/4/2007,140
11/5/2007,140
11/6/2007,140
11/7/2007,140
11/8/2007,140
11/9/2007,150
11/10/2007,180
11/11/2007,160
11/12/2007,180
11/13/2007,160
11/14/2007,160
11/15/2007,160
11/16/2007,160
11/17/2007,180
11/18/2007,180
11/19/2007,180
11/20/2007,180
11/21/2007,440
11/22/2007,3550
11/23/2007,1370
11/24/2007,5560
11/25/2007,2150
11/26/2007,1670
11/27/2007,1590
11/28/2007,1490
11/29/2007,1430
11/30/2007,1330
12/1/2007,1140
12/2/2007,1270
12/3/2007,1440
12/4/2007,1370
12/5/2007,1320
12/6/2007,1320
12/7/2007,1330
12/8/2007,1380
12/9/2007,1270
12/10/2007,1260
12/11/2007,1240
12/12/2007,1170
12/13/2007,1110
12/14/2007,1160
12/15/2007,1240
12/16/2007,1110
12/17/2007,1150
12/18/2007,1110
12/19/2007,1090
12/20/2007,1200
12/21/2007,1240
12/22/2007,1370
12/23/2007,1410
12/24/2007,1380
12/25/2007,1320
12/26/2007,1270
12/27/2007,1180
12/28/2007,1100
12/29/2007,1230
12/30/2007,1110
12/31/2007,1090
1/1/2008,630
1/2/2008,650
1/3/2008,660
1/4/2008,680
1/5/2008,690
1/6/2008,710
1/7/2008,740
1/8/2008,830
1/9/2008,960
1/10/2008,1100
1/11/2008,1260
1/12/2008,1440
1/13/2008,1650
1/14/2008,1890
1/15/2008,2160
1/16/2008,2480
1/17/2008,2840
1/18/2008,3250
1/19/2008,3730
1/20/2008,4270
1/21/2008,4780
1/22/2008,4710
1/23/2008,4550
1/24/2008,4400
1/25/2008,4250
1/26/2008,4110
1/27/2008,3970
1/28/2008,3830
1/29/2008,3700
1/30/2008,3580
1/31/2008,3460
2/1/2008,3340
2/2/2008,3230
2/3/2008,3140
2/4/2008,3140
2/5/2008,3160
2/6/2008,3180
2/7/2008,3200
2/8/2008,3220
2/9/2008,3250
2/10/2008,3270
2/11/2008,3290
2/12/2008,3310
2/13/2008,3330
2/14/2008,3350
2/15/2008,3370
2/16/2008,3390
2/17/2008,3420
2/18/2008,3440
2/19/2008,3480
2/20/2008,3520
2/21/2008,3560
2/22/2008,3600
2/23/2008,3650
2/24/2008,3690
2/25/2008,3730
2/26/2008,3780
2/27/2008,3820
2/28/2008,3870
2/29/2008,3870
3/1/2008,3920
3/2/2008,3960
3/3/2008,4010
3/4/2008,4060
3/5/2008,4110
3/6/2008,4150
3/7/2008,4190
3/8/2008,4230
3/9/2008,4270
3/10/2008,4310
3/11/2008,4350
3/12/2008,4390
3/13/2008,4430
3/14/2008,4470
3/15/2008,4510
3/16/2008,4560
3/17/2008,4600
3/18/2008,4650
3/19/2008,4690
3/20/2008,4730
3/21/2008,4780
3/22/2008,4820
3/23/2008,4870
3/24/2008,4920
3/25/2008,4980
3/26/2008,5220
3/27/2008,5510
3/28/2008,5820
3/29/2008,6150
3/30/2008,6490
3/31/2008,6860
4/1/2008,7240
4/2/2008,7570
4/3/2008,7540
4/4/2008,7460
4/5/2008,7370
4/6/2008,7280
4/7/2008,7200
4/8/2008,7120
4/9/2008,7040
4/10/2008,6950
4/11/2008,6870
4/12/2008,6790
4/13/2008,6720
4/14/2008,6640
4/15/2008,6560
4/16/2008,6490
4/17/2008,6410
4/18/2008,6340
4/19/2008,6270
4/20/2008,6190
4/21/2008,6120
4/22/2008,6050
4/23/2008,5910
4/24/2008,5720
4/25/2008,5550
4/26/2008,5400
4/27/2008,5240
4/28/2008,5100
4/29/2008,4950
4/30/2008,4810
5/1/2008,4670
5/2/2008,4540
5/3/2008,4410
5/4/2008,4290
5/5/2008,4170
5/6/2008,4040
5/7/2008,3860
5/8/2008,3680
5/9/2008,3510
5/10/2008,3350
5/11/2008,3190
5/12/2008,3040
5/13/2008,2910
5/14/2008,2910
5/15/2008,2960
5/16/2008,3000
5/17/2008,3050
5/18/2008,3090
5/19/2008,3140
5/20/2008,3200
5/21/2008,3360
5/22/2008,3560
5/23/2008,3770
5/24/2008,4000
5/25/2008,4240
5/26/2008,4490
5/27/2008,4760
5/28/2008,5040
5/29/2008,5340
5/30/2008,5660
5/31/2008,6000
6/1/2008,6350
6/2/2008,6630
6/3/2008,6360
6/4/2008,6030
6/5/2008,5710
6/6/2008,5410
6/7/2008,5120
6/8/2008,4850
6/9/2008,4590
6/10/2008,4350
6/11/2008,4120
6/12/2008,3900
6/13/2008,3700
6/14/2008,3500
6/15/2008,3320
6/16/2008,3140
6/17/2008,2970
6/18/2008,2820
6/19/2008,2670
6/20/2008,2530
6/21/2008,2390
6/22/2008,2270
6/23/2008,2150
6/24/2008,2030
6/25/2008,1930
6/26/2008,1820
6/27/2008,1730
6/28/2008,1640
6/29/2008,1550
6/30/2008,1460
7/1/2008,1330
7/2/2008,1200
7/3/2008,1080
7/4/2008,980
7/5/2008,930
7/6/2008,880
7/7/2008,840
7/8/2008,810
7/9/2008,770
7/10/2008,740
7/11/2008,700
7/12/2008,670
7/13/2008,640
7/14/2008,610
7/15/2008,580
7/16/2008,560
7/17/2008,530
7/18/2008,510
7/19/2008,480
7/20/2008,460
7/21/2008,440
7/22/2008,420
7/23/2008,400
7/24/2008,380
7/25/2008,370
7/26/2008,350
7/27/2008,330
7/28/2008,320
7/29/2008,310
7/30/2008,300
7/31/2008,300
8/1/2008,300
8/2/2008,300
8/3/2008,300
8/4/2008,300
8/5/2008,300
8/6/2008,290
8/7/2008,290
8/8/2008,290
8/9/2008,290
8/10/2008,290
8/11/2008,290
8/12/2008,290
8/13/2008,280
8/14/2008,280
8/15/2008,280
8/16/2008,280
8/17/2008,280
8/18/2008,280
8/19/2008,280
8/20/2008,270
8/21/2008,270
8/22/2008,270
8/23/2008,270
8/24/2008,270
8/25/2008,270
8/26/2008,260
8/27/2008,250
8/28/2008,240
8/29/2008,220
8/30/2008,210
8/31/2008,200
9/1/2008,50
9/2/2008,20
9/3/2008,20
9/4/2008,20
9/5/2008,30
9/6/2008,40
9/7/2008,20
9/8/2008,20
9/9/2008,40
9/10/2008,50
9/11/2008,30
9/12/2008,50
9/13/2008,70
9/14/2008,30
9/15/2008,40
9/16/2008,50
9/17/2008,20
9/18/2008,2910
9/19/2008,22540
9/20/2008,9010
9/21/2008,4920
9/22/2008,1660
9/23/2008,1020
9/24/2008,820
9/25/2008,580
9/26/2008,570
9/27/2008,750
9/28/2008,710
9/29/2008,770
9/30/2008,740
10/1/2008,880
10/2/2008,2940
10/3/2008,1040
10/4/2008,800
10/5/2008,800
10/6/2008,750
10/7/2008,770
10/8/2008,750
10/9/2008,800
10/10/2008,740
10/11/2008,830
10/12/2008,880
10/13/2008,860
10/14/2008,890
10/15/2008,890
10/16/2008,820
10/17/2008,830
10/18/2008,2330
10/19/2008,1270
10/20/2008,1090
10/21/2008,1190
10/22/2008,8020
10/23/2008,4970
10/24/2008,2820
10/25/2008,3030
10/26/2008,2680
10/27/2008,2600
10/28/2008,4000
10/29/2008,3540
10/30/2008,2970
10/31/2008,2680
11/1/2008,7770
11/2/2008,5100
11/3/2008,5230
11/4/2008,4110
11/5/2008,3330
11/6/2008,5010
11/7/2008,4210
11/8/2008,3530
11/9/2008,3030
11/10/2008,2680
11/11/2008,2350
11/12/2008,2290
11/13/2008,2630
11/14/2008,2090
11/15/2008,1720
11/16/2008,1530
11/17/2008,1470
11/18/2008,1280
11/19/2008,1280
11/20/2008,1170
11/21/2008,1100
11/22/2008,1150
11/23/2008,1060
11/24/2008,1020
11/25/2008,1040
11/26/2008,1030
11/27/2008,1140
11/28/2008,1060
11/29/2008,1080
11/30/2008,1070
12/1/2008,1040
12/2/2008,1080
12/3/2008,1030
12/4/2008,990
12/5/2008,1050
12/6/2008,1080
12/7/2008,1020
12/8/2008,990
12/9/2008,1080
12/10/2008,980
12/11/2008,870
12/12/2008,800
12/13/2008,780
12/14/2008,910
12/15/2008,1100
12/16/2008,1000
12/17/2008,960
12/18/2008,930
12/19/2008,820
12/20/2008,800
12/21/2008,730
12/22/2008,720
12/23/2008,700
12/24/2008,700
12/25/2008,710
12/26/2008,670
12/27/2008,690
12/28/2008,660
12/29/2008,660
12/30/2008,620
12/31/2008,640
1/1/2009,660
1/2/2009,540
1/3/2009,410
1/4/2009,320
1/5/2009,330
1/6/2009,390
1/7/2009,3300
1/8/2009,1890
1/9/2009,470
1/10/2009,590
1/11/2009,760
1/12/2009,540
1/13/2009,520
1/14/2009,720
1/15/2009,640
1/16/2009,480
1/17/2009,270
1/18/2009,180
1/19/2009,180
1/20/2009,160
1/21/2009,210
1/22/2009,150
1/23/2009,90
1/24/2009,510
1/25/2009,270
1/26/2009,190
1/27/2009,290
1/28/2009,200
1/29/2009,200
1/30/2009,300
1/31/2009,170
2/1/2009,180
2/2/2009,270
2/3/2009,1030
2/4/2009,620
2/5/2009,570
2/6/2009,630
2/7/2009,740
2/8/2009,580
2/9/2009,470
2/10/2009,420
2/11/2009,450
2/12/2009,420
2/13/2009,450
2/14/2009,480
2/15/2009,720
2/16/2009,600
2/17/2009,570
2/18/2009,3520
2/19/2009,4040
2/20/2009,2310
2/21/2009,2790
2/22/2009,3180
2/23/2009,2770
2/24/2009,2220
2/25/2009,1880
2/26/2009,1630
2/27/2009,1500
2/28/2009,1620
3/1/2009,1920
3/2/2009,6080
3/3/2009,4790
3/4/2009,2650
3/5/2009,1470
3/6/2009,1070
3/7/2009,1210
3/8/2009,1620
3/9/2009,5620
3/10/2009,5400
3/11/2009,4570
3/12/2009,4090
3/13/2009,3610
3/14/2009,3260
3/15/2009,2960
3/16/2009,3330
3/17/2009,3530
3/18/2009,2890
3/19/2009,3270
3/20/2009,3970
3/21/2009,3610
3/22/2009,2860
3/23/2009,3250
3/24/2009,3890
3/25/2009,3870
3/26/2009,3900
3/27/2009,4120
3/28/2009,3540
3/29/2009,3450
3/30/2009,3640
3/31/2009,3480
4/1/2009,4260
4/2/2009,5270
4/3/2009,5300
4/4/2009,3960
4/5/2009,3000
4/6/2009,2790
4/7/2009,2770
4/8/2009,2870
4/9/2009,2910
4/10/2009,3560
4/11/2009,3040
4/12/2009,2940
4/13/2009,2880
4/14/2009,2640
4/15/2009,2490
4/16/2009,2450
4/17/2009,2740
4/18/2009,2450
4/19/2009,2320
4/20/2009,2880
4/21/2009,2850
4/22/2009,3240
4/23/2009,3200
4/24/2009,3410
4/25/2009,3210
4/26/2009,3260
4/27/2009,3870
4/28/2009,1800
4/29/2009,1640
4/30/2009,1860
5/1/2009,2260
5/2/2009,2570
5/3/2009,2540
5/4/2009,2390
5/5/2009,2150
5/6/2009,2090
5/7/2009,2170
5/8/2009,2230
5/9/2009,2130
5/10/2009,2030
5/11/2009,2070
5/12/2009,2030
5/13/2009,2280
5/14/2009,1080
5/15/2009,2170
5/16/2009,1330
5/17/2009,590
5/18/2009,260
5/19/2009,240
5/20/2009,350
5/21/2009,230
5/22/2009,220
5/23/2009,210
5/24/2009,140
5/25/2009,180
5/26/2009,230
5/27/2009,340
5/28/2009,560
5/29/2009,570
5/30/2009,590
5/31/2009,370
6/1/2009,450
6/2/2009,430
6/3/2009,390
6/4/2009,310
6/5/2009,490
6/6/2009,640
6/7/2009,670
6/8/2009,690
6/9/2009,590
6/10/2009,630
6/11/2009,830
6/12/2009,870
6/13/2009,770
6/14/2009,700
6/15/2009,560
6/16/2009,510
6/17/2009,450
6/18/2009,470
6/19/2009,610
6/20/2009,600
6/21/2009,510
6/22/2009,480
6/23/2009,470
6/24/2009,530
6/25/2009,490
6/26/2009,530
6/27/2009,450
6/28/2009,450
6/29/2009,430
6/30/2009,430
7/1/2009,480
7/2/2009,410
7/3/2009,480
7/4/2009,490
7/5/2009,470
7/6/2009,430
7/7/2009,380
7/8/2009,390
7/9/2009,370
7/10/2009,430
7/11/2009,470
7/12/2009,440
7/13/2009,370
7/14/2009,370
7/15/2009,310
7/16/2009,290
7/17/2009,290
7/18/2009,340
7/19/2009,310
7/20/2009,420
7/21/2009,380
7/22/2009,420
7/23/2009,380
7/24/2009,390
7/25/2009,310
7/26/2009,330
7/27/2009,310
7/28/2009,290
7/29/2009,290
7/30/2009,310
7/31/2009,290
8/1/2009,260
8/2/2009,260
8/3/2009,260
8/4/2009,260
8/5/2009,250
8/6/2009,250
8/7/2009,250
8/8/2009,250
8/9/2009,250
8/10/2009,250
8/11/2009,250
8/12/2009,240
8/13/2009,240
8/14/2009,240
8/15/2009,240
8/16/2009,240
8/17/2009,240
8/18/2009,240
8/19/2009,230
8/20/2009,230
8/21/2009,230
8/22/2009,230
8/23/2009,220
8/24/2009,220
8/25/2009,210
8/26/2009,210
8/27/2009,200
8/28/2009,200
8/29/2009,200
8/30/2009,190
8/31/2009,190
9/1/2009,200
9/2/2009,200
9/3/2009,200
9/4/2009,210
9/5/2009,220
9/6/2009,220
9/7/2009,230
9/8/2009,240
9/9/2009,250
9/10/2009,260
9/11/2009,270
9/12/2009,280
9/13/2009,290
9/14/2009,300
9/15/2009,320
9/16/2009,330
9/17/2009,340
9/18/2009,350
9/19/2009,370
9/20/2009,380
9/21/2009,400
9/22/2009,410
9/23/2009,430
9/24/2009,440
9/25/2009,460
9/26/2009,480
9/27/2009,500
9/28/2009,510
9/29/2009,510
9/30/2009,500
10/1/2009,490
10/2/2009,480
10/3/2009,480
10/4/2009,470
10/5/2009,460
10/6/2009,450
10/7/2009,440
10/8/2009,440
10/9/2009,430
10/10/2009,420
10/11/2009,410
10/12/2009,410
10/13/2009,400
10/14/2009,390
10/15/2009,380
10/16/2009,380
10/17/2009,370
10/18/2009,360
10/19/2009,360
10/20/2009,350
10/21/2009,350
10/22/2009,340
10/23/2009,330
10/24/2009,330
10/25/2009,320
10/26/2009,320
10/27/2009,310
10/28/2009,310
10/29/2009,300
10/30/2009,290
10/31/2009,290
11/1/2009,280
11/2/2009,280
11/3/2009,270
11/4/2009,270
11/5/2009,260
11/6/2009,240
11/7/2009,210
11/8/2009,190
11/9/2009,170
11/10/2009,160
11/11/2009,150
11/12/2009,140
11/13/2009,130
11/14/2009,120
11/15/2009,110
11/16/2009,110
11/17/2009,100
11/18/2009,100
11/19/2009,90
11/20/2009,100
11/21/2009,120
11/22/2009,150
11/23/2009,170
11/24/2009,200
11/25/2009,240
11/26/2009,290
11/27/2009,340
11/28/2009,400
11/29/2009,470
11/30/2009,560
12/1/2009,570
12/2/2009,420
12/3/2009,360
12/4/2009,360
12/5/2009,400
12/6/2009,410
12/7/2009,460
12/8/2009,440
12/9/2009,460
12/10/2009,570
12/11/2009,570
12/12/2009,560
12/13/2009,480
12/14/2009,740
12/15/2009,880
12/16/2009,760
12/17/2009,690
12/18/2009,940
12/19/2009,1110
12/20/2009,1070
12/21/2009,1180
12/22/2009,2730
12/23/2009,870
12/24/2009,770
12/25/2009,1160
12/26/2009,2720
12/27/2009,1780
12/28/2009,1180
12/29/2009,970
12/30/2009,760
12/31/2009,740
1/1/2010,2750
1/2/2010,2560
1/3/2010,2390
1/4/2010,2480
1/5/2010,2430
1/6/2010,2340
1/7/2010,2290
1/8/2010,2300
1/9/2010,2290
1/10/2010,2200
1/11/2010,2220
1/12/2010,2140
1/13/2010,2150
1/14/2010,2230
1/15/2010,2190
1/16/2010,2140
1/17/2010,2100
1/18/2010,2130
1/19/2010,2070
1/20/2010,2130
1/21/2010,2100
1/22/2010,2120
1/23/2010,2020
1/24/2010,2050
1/25/2010,2130
1/26/2010,2150
1/27/2010,2260
1/28/2010,2750
1/29/2010,2620
1/30/2010,2710
1/31/2010,2820
2/1/2010,2670
2/2/2010,2610
2/3/2010,2550
2/4/2010,2460
2/5/2010,2540
2/6/2010,2450
2/7/2010,2360
2/8/2010,2340
2/9/2010,2260
2/10/2010,2200
2/11/2010,2200
2/12/2010,2280
2/13/2010,2250
2/14/2010,2220
2/15/2010,2190
2/16/2010,2330
2/17/2010,2290
2/18/2010,2210
2/19/2010,2280
2/20/2010,2300
2/21/2010,2290
2/22/2010,2200
2/23/2010,2200
2/24/2010,2200
2/25/2010,2280
2/26/2010,2290
2/27/2010,2160
2/28/2010,2070
3/1/2010,2050
3/2/2010,2130
3/3/2010,2140
3/4/2010,2150
3/5/2010,2220
3/6/2010,2140
3/7/2010,2070
3/8/2010,2130
3/9/2010,2110
3/10/2010,2140
3/11/2010,2150
3/12/2010,2970
3/13/2010,4530
3/14/2010,4630
3/15/2010,5140
3/16/2010,4940
3/17/2010,4570
3/18/2010,4230
3/19/2010,4160
3/20/2010,4050
3/21/2010,3960
3/22/2010,3890
3/23/2010,3840
3/24/2010,3800
3/25/2010,3750
3/26/2010,3760
3/27/2010,3770
3/28/2010,3420
3/29/2010,3200
3/30/2010,3220
3/31/2010,3690
4/1/2010,3660
4/2/2010,3800
4/3/2010,4120
4/4/2010,15350
4/5/2010,11840
4/6/2010,7020
4/7/2010,6220
4/8/2010,6510
4/9/2010,6500
4/10/2010,6210
4/11/2010,6170
4/12/2010,5870
4/13/2010,5660
4/14/2010,5590
4/15/2010,5190
4/16/2010,5080
4/17/2010,4800
4/18/2010,4220
4/19/2010,3820
4/20/2010,3620
4/21/2010,3930
4/22/2010,3890
4/23/2010,7330
4/24/2010,5050
4/25/2010,4600
4/26/2010,4570
4/27/2010,4390
4/28/2010,4330
4/29/2010,6020
4/30/2010,7150
5/1/2010,7840
5/2/2010,13590
5/3/2010,13650
5/4/2010,13630
5/5/2010,14020
5/6/2010,14390
5/7/2010,14970
5/8/2010,16270
5/9/2010,17470
5/10/2010,17840
5/11/2010,18160
5/12/2010,18470
5/13/2010,18720
5/14/2010,18590
5/15/2010,18810
5/16/2010,19730
5/17/2010,21520
5/18/2010,22750
5/19/2010,23870
5/20/2010,24870
5/21/2010,26300
5/22/2010,27210
5/23/2010,28090
5/24/2010,28890
5/25/2010,29370
5/26/2010,27470
5/27/2010,16680
5/28/2010,2350
5/29/2010,990
5/30/2010,840
5/31/2010,970
6/1/2010,1340
6/2/2010,1240
6/3/2010,1160
6/4/2010,1380
6/5/2010,1500
6/6/2010,1610
6/7/2010,1240
6/8/2010,680
6/9/2010,570
6/10/2010,1360
6/11/2010,1010
6/12/2010,1330
6/13/2010,650
6/14/2010,510
6/15/2010,500
6/16/2010,400
6/17/2010,320
6/18/2010,310
6/19/2010,310
6/20/2010,250
6/21/2010,240
6/22/2010,230
6/23/2010,230
6/24/2010,240
6/25/2010,300
6/26/2010,290
6/27/2010,270
6/28/2010,240
6/29/2010,230
6/30/2010,210
7/1/2010,220
7/2/2010,230
7/3/2010,260
7/4/2010,210
7/5/2010,190
7/6/2010,200
7/7/2010,200
7/8/2010,210
7/9/2010,210
7/10/2010,210
7/11/2010,200
7/12/2010,200
7/13/2010,190
7/14/2010,180
7/15/2010,210
7/16/2010,210
7/17/2010,190
7/18/2010,190
7/19/2010,190
7/20/2010,200
7/21/2010,200
7/22/2010,200
7/23/2010,210
7/24/2010,210
7/25/2010,190
7/26/2010,190
7/27/2010,200
7/28/2010,190
7/29/2010,180
7/30/2010,200
7/31/2010,190
8/1/2010,190
8/2/2010,190
8/3/2010,200
8/4/2010,190
8/5/2010,190
8/6/2010,200
8/7/2010,190
8/8/2010,180
8/9/2010,180
8/10/2010,200
8/11/2010,200
8/12/2010,190
8/13/2010,200
8/14/2010,200
8/15/2010,190
8/16/2010,180
8/17/2010,200
8/18/2010,190
8/19/2010,190
8/20/2010,180
8/21/2010,200
8/22/2010,190
8/23/2010,200
8/24/2010,190
8/25/2010,180
8/26/2010,200
8/27/2010,200
8/28/2010,200
8/29/2010,200
8/30/2010,180
8/31/2010,200
9/1/2010,140
9/2/2010,140
9/3/2010,140
9/4/2010,140
9/5/2010,150
9/6/2010,150
9/7/2010,170
9/8/2010,140
9/9/2010,140
9/10/2010,140
9/11/2010,140
9/12/2010,130
9/13/2010,150
9/14/2010,150
9/15/2010,6300
9/16/2010,1420
9/17/2010,640
9/18/2010,560
9/19/2010,550
9/20/2010,540
9/21/2010,480
9/22/2010,580
9/23/2010,510
9/24/2010,460
9/25/2010,550
9/26/2010,530
9/27/2010,540
9/28/2010,560
9/29/2010,560
9/30/2010,500
10/1/2010,460
10/2/2010,420
10/3/2010,370
10/4/2010,380
10/5/2010,400
10/6/2010,410
10/7/2010,430
10/8/2010,490
10/9/2010,500
10/10/2010,450
10/11/2010,1540
10/12/2010,590
10/13/2010,430
10/14/2010,320
10/15/2010,290
10/16/2010,330
10/17/2010,330
10/18/2010,440
10/19/2010,500
10/20/2010,530
10/21/2010,510
10/22/2010,500
10/23/2010,3330
10/24/2010,2780
10/25/2010,2550
10/26/2010,2460
10/27/2010,2480
10/28/2010,2350
10/29/2010,2380
10/30/2010,2380
10/31/2010,2370
11/1/2010,2290
11/2/2010,2250
11/3/2010,2190
11/4/2010,2190
11/5/2010,2110
11/6/2010,2130
11/7/2010,2070
11/8/2010,2080
11/9/2010,2040
11/10/2010,2190
11/11/2010,2130
11/12/2010,2080
11/13/2010,2080
11/14/2010,2010
11/15/2010,2080
11/16/2010,2050
11/17/2010,2050
11/18/2010,2080
11/19/2010,2080
11/20/2010,2010
11/21/2010,2120
11/22/2010,2150
11/23/2010,2150
11/24/2010,2130
11/25/2010,2090
11/26/2010,2060
11/27/2010,2370
11/28/2010,1370
11/29/2010,1460
11/30/2010,2010
12/1/2010,3850
12/2/2010,3840
12/3/2010,3610
12/4/2010,3400
12/5/2010,3220
12/6/2010,3110
12/7/2010,3070
12/8/2010,3050
12/9/2010,2880
12/10/2010,2930
12/11/2010,3040
12/12/2010,3000
12/13/2010,2990
12/14/2010,2940
12/15/2010,2890
12/16/2010,2780
12/17/2010,2680
12/18/2010,2750
12/19/2010,2720
12/20/2010,2690
12/21/2010,2650
12/22/2010,2720
12/23/2010,3000
12/24/2010,2880
12/25/2010,2860
12/26/2010,2770
12/27/2010,2720
12/28/2010,2700
12/29/2010,2750
12/30/2010,2710
12/31/2010,2650
1/1/2011,680
1/2/2011,670
1/3/2011,650
1/4/2011,650
1/5/2011,620
1/6/2011,650
1/7/2011,650
1/8/2011,630
1/9/2011,620
1/10/2011,600
1/11/2011,610
1/12/2011,600
1/13/2011,610
1/14/2011,620
1/15/2011,620
1/16/2011,620
1/17/2011,930
1/18/2011,870
1/19/2011,800
1/20/2011,810
1/21/2011,820
1/22/2011,790
1/23/2011,730
1/24/2011,730
1/25/2011,710
1/26/2011,730
1/27/2011,820
1/28/2011,900
1/29/2011,830
1/30/2011,790
1/31/2011,760
2/1/2011,730
2/2/2011,810
2/3/2011,790
2/4/2011,780
2/5/2011,810
2/6/2011,740
2/7/2011,750
2/8/2011,750
2/9/2011,760
2/10/2011,730
2/11/2011,730
2/12/2011,730
2/13/2011,700
2/14/2011,670
2/15/2011,670
2/16/2011,620
2/17/2011,600
2/18/2011,660
2/19/2011,650
2/20/2011,620
2/21/2011,620
2/22/2011,610
2/23/2011,660
2/24/2011,660
2/25/2011,620
2/26/2011,620
2/27/2011,590
2/28/2011,560
3/1/2011,550
3/2/2011,560
3/3/2011,560
3/4/2011,560
3/5/2011,560
3/6/2011,560
3/7/2011,560
3/8/2011,560
3/9/2011,560
3/10/2011,560
3/11/2011,550
3/12/2011,530
3/13/2011,520
3/14/2011,540
3/15/2011,520
3/16/2011,530
3/17/2011,520
3/18/2011,520
3/19/2011,520
3/20/2011,500
3/21/2011,510
3/22/2011,520
3/23/2011,520
3/24/2011,810
3/25/2011,930
3/26/2011,1020
3/27/2011,1210
3/28/2011,1380
3/29/2011,2280
3/30/2011,2190
3/31/2011,2140
4/1/2011,2500
4/2/2011,2660
4/3/2011,2900
4/4/2011,3590
4/5/2011,3080
4/6/2011,2540
4/7/2011,2450
4/8/2011,2530
4/9/2011,2160
4/10/2011,1980
4/11/2011,1820
4/12/2011,3440
4/13/2011,3090
4/14/2011,3270
4/15/2011,4840
4/16/2011,3830
4/17/2011,2890
4/18/2011,2240
4/19/2011,1950
4/20/2011,1980
4/21/2011,1900
4/22/2011,1860
4/23/2011,1750
4/24/2011,1530
4/25/2011,1600
4/26/2011,1470
4/27/2011,1340
4/28/2011,1580
4/29/2011,1320
4/30/2011,1070
5/1/2011,1030
5/2/2011,1220
5/3/2011,1630
5/4/2011,1540
5/5/2011,1870
5/6/2011,1860
5/7/2011,1820
5/8/2011,1960
5/9/2011,1930
5/10/2011,1670
5/11/2011,1710
5/12/2011,1770
5/13/2011,1650
5/14/2011,1650
5/15/2011,1590
5/16/2011,1540
5/17/2011,1380
5/18/2011,1350
5/19/2011,1620
5/20/2011,1560
5/21/2011,1440
5/22/2011,1380
5/23/2011,1170
5/24/2011,1120
5/25/2011,1340
5/26/2011,1440
5/27/2011,1350
5/28/2011,1250
5/29/2011,1140
5/30/2011,1210
5/31/2011,1320
6/1/2011,1010
6/2/2011,870
6/3/2011,760
6/4/2011,650
6/5/2011,570
6/6/2011,500
6/7/2011,500
6/8/2011,500
6/9/2011,500
6/10/2011,510
6/11/2011,510
6/12/2011,510
6/13/2011,510
6/14/2011,520
6/15/2011,520
6/16/2011,520
6/17/2011,530
6/18/2011,530
6/19/2011,530
6/20/2011,530
6/21/2011,540
6/22/2011,540
6/23/2011,540
6/24/2011,550
6/25/2011,550
6/26/2011,550
6/27/2011,560
6/28/2011,560
6/29/2011,560
6/30/2011,540
7/1/2011,520
7/2/2011,500
7/3/2011,490
7/4/2011,470
7/5/2011,450
7/6/2011,440
7/7/2011,420
7/8/2011,410
7/9/2011,400
7/10/2011,380
7/11/2011,370
7/12/2011,360
7/13/2011,340
7/14/2011,330
7/15/2011,320
7/16/2011,310
7/17/2011,300
7/18/2011,290
7/19/2011,280
7/20/2011,270
7/21/2011,260
7/22/2011,250
7/23/2011,240
7/24/2011,230
7/25/2011,230
7/26/2011,220
7/27/2011,210
7/28/2011,200
7/29/2011,190
7/30/2011,190
7/31/2011,180
8/1/2011,170
8/2/2011,160
8/3/2011,160
8/4/2011,150
8/5/2011,150
8/6/2011,140
8/7/2011,130
8/8/2011,130
8/9/2011,120
8/10/2011,120
8/11/2011,120
8/12/2011,110
8/13/2011,110
8/14/2011,100
8/15/2011,100
8/16/2011,100
8/17/2011,90
8/18/2011,90
8/19/2011,90
8/20/2011,90
8/21/2011,80
8/22/2011,80
8/23/2011,80
8/24/2011,70
8/25/2011,70
8/26/2011,70
8/27/2011,70
8/28/2011,70
8/29/2011,60
8/30/2011,60
8/31/2011,0
9/1/2011,200
9/2/2011,200
9/3/2011,200
9/4/2011,210
9/5/2011,230
9/6/2011,250
9/7/2011,240
9/8/2011,230
9/9/2011,220
9/10/2011,240
9/11/2011,220
9/12/2011,210
9/13/2011,210
9/14/2011,210
9/15/2011,220
9/16/2011,220
9/17/2011,230
9/18/2011,220
9/19/2011,210
9/20/2011,210
9/21/2011,200
9/22/2011,210
9/23/2011,200
9/24/2011,210
9/25/2011,200
9/26/2011,200
9/27/2011,200
9/28/2011,200
9/29/2011,210
9/30/2011,200
10/1/2011,200
10/2/2011,200
10/3/2011,210
10/4/2011,210
10/5/2011,200
10/6/2011,200
10/7/2011,200
10/8/2011,210
10/9/2011,200
10/10/2011,200
10/11/2011,200
10/12/2011,200
10/13/2011,200
10/14/2011,200
10/15/2011,220
10/16/2011,210
10/17/2011,200
10/18/2011,200
10/19/2011,200
10/20/2011,200
10/21/2011,200
10/22/2011,200
10/23/2011,220
10/24/2011,210
10/25/2011,230
10/26/2011,230
10/27/2011,220
10/28/2011,230
10/29/2011,220
10/30/2011,220
10/31/2011,200
11/1/2011,190
11/2/2011,200
11/3/2011,210
11/4/2011,200
11/5/2011,230
11/6/2011,240
11/7/2011,240
11/8/2011,250
11/9/2011,240
11/10/2011,230
11/11/2011,240
11/12/2011,250
11/13/2011,240
11/14/2011,240
11/15/2011,260
11/16/2011,240
11/17/2011,240
11/18/2011,240
11/19/2011,260
11/20/2011,1190
11/21/2011,1420
11/22/2011,1330
11/23/2011,1190
11/24/2011,1310
11/25/2011,1180
11/26/2011,1120
11/27/2011,1000
11/28/2011,950
11/29/2011,850
11/30/2011,870
12/1/2011,920
12/2/2011,920
12/3/2011,880
12/4/2011,830
12/5/2011,900
12/6/2011,830
12/7/2011,790
12/8/2011,780
12/9/2011,730
12/10/2011,730
12/11/2011,780
12/12/2011,810
12/13/2011,790
12/14/2011,730
12/15/2011,810
12/16/2011,740
12/17/2011,810
12/18/2011,790
12/19/2011,730
12/20/2011,730
12/21/2011,730
12/22/2011,730
12/23/2011,730
12/24/2011,780
12/25/2011,710
12/26/2011,710
12/27/2011,720
12/28/2011,710
12/29/2011,710
12/30/2011,710
12/31/2011,720
1/1/2012,1120
1/2/2012,1060
1/3/2012,1020
1/4/2012,970
1/5/2012,1010
1/6/2012,970
1/7/2012,940
1/8/2012,910
1/9/2012,850
1/10/2012,810
1/11/2012,910
1/12/2012,1010
1/13/2012,920
1/14/2012,930
1/15/2012,890
1/16/2012,920
1/17/2012,960
1/18/2012,970
1/19/2012,1520
1/20/2012,1400
1/21/2012,1160
1/22/2012,1020
1/23/2012,960
1/24/2012,890
1/25/2012,880
1/26/2012,840
1/27/2012,760
1/28/2012,750
1/29/2012,720
1/30/2012,640
1/31/2012,690
2/1/2012,690
2/2/2012,640
2/3/2012,630
2/4/2012,610
2/5/2012,560
2/6/2012,510
2/7/2012,500
2/8/2012,560
2/9/2012,600
2/10/2012,630
2/11/2012,570
2/12/2012,530
2/13/2012,540
2/14/2012,510
2/15/2012,480
2/16/2012,520
2/17/2012,510
2/18/2012,510
2/19/2012,800
2/20/2012,850
2/21/2012,730
2/22/2012,640
2/23/2012,690
2/24/2012,640
2/25/2012,640
2/26/2012,630
2/27/2012,650
2/28/2012,630
2/29/2012,630
3/1/2012,630
3/2/2012,710
3/3/2012,700
3/4/2012,970
3/5/2012,1230
3/6/2012,1040
3/7/2012,930
3/8/2012,860
3/9/2012,1010
3/10/2012,930
3/11/2012,830
3/12/2012,830
3/13/2012,860
3/14/2012,1080
3/15/2012,1110
3/16/2012,1150
3/17/2012,1120
3/18/2012,1070
3/19/2012,1090
3/20/2012,1070
3/21/2012,980
3/22/2012,910
3/23/2012,1740
3/24/2012,1490
3/25/2012,1220
3/26/2012,1200
3/27/2012,1120
3/28/2012,1030
3/29/2012,910
3/30/2012,860
3/31/2012,740
4/1/2012,640
4/2/2012,670
4/3/2012,710
4/4/2012,780
4/5/2012,7730
4/6/2012,1230
4/7/2012,180
4/8/2012,360
4/9/2012,2140
4/10/2012,1490
4/11/2012,1220
4/12/2012,1590
4/13/2012,2140
4/14/2012,1700
4/15/2012,1770
4/16/2012,1270
4/17/2012,1130
4/18/2012,1060
4/19/2012,1070
4/20/2012,1100
4/21/2012,900
4/22/2012,930
4/23/2012,1050
4/24/2012,1010
4/25/2012,1000
4/26/2012,1080
4/27/2012,1210
4/28/2012,1120
4/29/2012,1200
4/30/2012,1150
5/1/2012,950
5/2/2012,930
5/3/2012,910
5/4/2012,890
5/5/2012,870
5/6/2012,850
5/7/2012,830
5/8/2012,810
5/9/2012,800
5/10/2012,780
5/11/2012,760
5/12/2012,750
5/13/2012,730
5/14/2012,720
5/15/2012,710
5/16/2012,690
5/17/2012,680
5/18/2012,660
5/19/2012,650
5/20/2012,640
5/21/2012,620
5/22/2012,610
5/23/2012,600
5/24/2012,590
5/25/2012,580
5/26/2012,560
5/27/2012,550
5/28/2012,540
5/29/2012,530
5/30/2012,520
5/31/2012,510
6/1/2012,500
6/2/2012,490
6/3/2012,480
6/4/2012,470
6/5/2012,460
6/6/2012,450
6/7/2012,440
6/8/2012,430
6/9/2012,430
6/10/2012,420
6/11/2012,410
6/12/2012,400
6/13/2012,390
6/14/2012,380
6/15/2012,380
6/16/2012,370
6/17/2012,360
6/18/2012,350
6/19/2012,340
6/20/2012,340
6/21/2012,330
6/22/2012,320
6/23/2012,310
6/24/2012,310
6/25/2012,300
6/26/2012,290
6/27/2012,280
6/28/2012,280
6/29/2012,270
6/30/2012,270
7/1/2012,260
7/2/2012,250
7/3/2012,250
7/4/2012,240
7/5/2012,240
7/6/2012,230
7/7/2012,220
7/8/2012,220
7/9/2012,210
7/10/2012,210
7/11/2012,200
7/12/2012,200
7/13/2012,190
7/14/2012,190
7/15/2012,190
7/16/2012,180
7/17/2012,170
7/18/2012,170
7/19/2012,160
7/20/2012,160
7/21/2012,160
7/22/2012,150
7/23/2012,150
7/24/2012,140
7/25/2012,140
7/26/2012,130
7/27/2012,130
7/28/2012,130
7/29/2012,120
7/30/2012,120
7/31/2012,120
8/1/2012,110
8/2/2012,110
8/3/2012,110
8/4/2012,100
8/5/2012,100
8/6/2012,100
8/7/2012,100
8/8/2012,90
8/9/2012,90
8/10/2012,90
8/11/2012,90
8/12/2012,90
8/13/2012,80
8/14/2012,80
8/15/2012,80
8/16/2012,80
8/17/2012,80
8/18/2012,70
8/19/2012,70
8/20/2012,70
8/21/2012,70
8/22/2012,70
8/23/2012,60
8/24/2012,60
8/25/2012,60
8/26/2012,60
8/27/2012,60
8/28/2012,60
8/29/2012,60
8/30/2012,50
8/31/2012,50
9/1/2012,60
9/2/2012,60
9/3/2012,50
9/4/2012,50
9/5/2012,50
9/6/2012,50
9/7/2012,50
9/8/2012,60
9/9/2012,70
9/10/2012,90
9/11/2012,110
9/12/2012,130
9/13/2012,160
9/14/2012,200
9/15/2012,240
9/16/2012,300
9/17/2012,370
9/18/2012,450
9/19/2012,550
9/20/2012,670
9/21/2012,830
9/22/2012,1010
9/23/2012,1240
9/24/2012,1520
9/25/2012,1870
9/26/2012,2290
9/27/2012,2640
9/28/2012,2150
9/29/2012,2030
9/30/2012,1410
10/1/2012,990
10/2/2012,730
10/3/2012,650
10/4/2012,550
10/5/2012,490
10/6/2012,420
10/7/2012,340
10/8/2012,280
10/9/2012,300
10/10/2012,380
10/11/2012,400
10/12/2012,400
10/13/2012,410
10/14/2012,370
10/15/2012,340
10/16/2012,350
10/17/2012,350
10/18/2012,370
10/19/2012,1170
10/20/2012,1240
10/21/2012,910
10/22/2012,770
10/23/2012,640
10/24/2012,660
10/25/2012,1100
10/26/2012,1240
10/27/2012,1300
10/28/2012,1200
10/29/2012,1130
10/30/2012,2250
10/31/2012,43320
11/1/2012,15740
11/2/2012,5770
11/3/2012,220
11/4/2012,280
11/5/2012,270
11/6/2012,220
11/7/2012,280
11/8/2012,1310
11/9/2012,1000
11/10/2012,690
11/11/2012,1700
11/12/2012,5620
11/13/2012,2890
11/14/2012,1360
11/15/2012,1160
11/16/2012,1000
11/17/2012,3150
11/18/2012,5530
11/19/2012,1470
11/20/2012,1190
11/21/2012,1230
11/22/2012,1260
11/23/2012,1190
11/24/2012,1240
11/25/2012,1260
11/26/2012,1270
11/27/2012,1270
11/28/2012,1190
11/29/2012,1170
11/30/2012,1730
12/1/2012,1530
12/2/2012,1300
12/3/2012,1280
12/4/2012,1290
12/5/2012,1270
12/6/2012,1270
12/7/2012,1270
12/8/2012,1300
12/9/2012,1270
12/10/2012,1270
12/11/2012,1260
12/12/2012,1250
12/13/2012,1250
12/14/2012,1250
12/15/2012,1260
12/16/2012,1250
12/17/2012,1250
12/18/2012,1220
12/19/2012,1240
12/20/2012,1250
12/21/2012,1250
12/22/2012,1250
12/23/2012,1250
12/24/2012,1250
12/25/2012,1210
12/26/2012,1170
12/27/2012,1150
12/28/2012,1150
12/29/2012,1150
12/30/2012,1150
12/31/2012,1150
1/1/2013,20
1/2/2013,20
1/3/2013,20
1/4/2013,20
1/5/2013,20
1/6/2013,20
1/7/2013,20
1/8/2013,20
1/9/2013,20
1/10/2013,20
1/11/2013,20
1/12/2013,20
1/13/2013,20
1/14/2013,20
1/15/2013,20
1/16/2013,20
1/17/2013,20
1/18/2013,20
1/19/2013,20
1/20/2013,30
1/21/2013,20
1/22/2013,30
1/23/2013,60
1/24/2013,30
1/25/2013,20
1/26/2013,20
1/27/2013,20
1/28/2013,20
1/29/2013,1140
1/30/2013,60
1/31/2013,30
2/1/2013,30
2/2/2013,30
2/3/2013,30
2/4/2013,20
2/5/2013,20
2/6/2013,20
2/7/2013,20
2/8/2013,20
2/9/2013,20
2/10/2013,90
2/11/2013,50
2/12/2013,30
2/13/2013,30
2/14/2013,30
2/15/2013,30
2/16/2013,30
2/17/2013,30
2/18/2013,30
2/19/2013,30
2/20/2013,30
2/21/2013,30
2/22/2013,30
2/23/2013,30
2/24/2013,30
2/25/2013,30
2/26/2013,30
2/27/2013,30
2/28/2013,30
3/1/2013,30
3/2/2013,30
3/3/2013,30
3/4/2013,30
3/5/2013,20
3/6/2013,20
3/7/2013,20
3/8/2013,20
3/9/2013,20
3/10/2013,20
3/11/2013,90
3/12/2013,3560
3/13/2013,6880
3/14/2013,1530
3/15/2013,900
3/16/2013,790
3/17/2013,700
3/18/2013,710
3/19/2013,620
3/20/2013,490
3/21/2013,470
3/22/2013,430
3/23/2013,320
3/24/2013,310
3/25/2013,280
3/26/2013,260
3/27/2013,290
3/28/2013,660
3/29/2013,6160
3/30/2013,5820
3/31/2013,4050
4/1/2013,1830
4/2/2013,2810
4/3/2013,1970
4/4/2013,1770
4/5/2013,1750
4/6/2013,1730
4/7/2013,1500
4/8/2013,1570
4/9/2013,1590
4/10/2013,1420
4/11/2013,1420
4/12/2013,1450
4/13/2013,1480
4/14/2013,1290
4/15/2013,1200
4/16/2013,1280
4/17/2013,1270
4/18/2013,1530
4/19/2013,1890
4/20/2013,1840
4/21/2013,7620
4/22/2013,3410
4/23/2013,600
4/24/2013,360
4/25/2013,350
4/26/2013,300
4/27/2013,170
4/28/2013,110
4/29/2013,110
4/30/2013,90
5/1/2013,80
5/2/2013,100
5/3/2013,100
5/4/2013,60
5/5/2013,40
5/6/2013,50
5/7/2013,50
5/8/2013,40
5/9/2013,70
5/10/2013,50
5/11/2013,30
5/12/2013,20
5/13/2013,20
5/14/2013,10
5/15/2013,10
5/16/2013,10
5/17/2013,20
5/18/2013,10
5/19/2013,10
5/20/2013,10
5/21/2013,20
5/22/2013,20
5/23/2013,20
5/24/2013,20
5/25/2013,20
5/26/2013,20
5/27/2013,20
5/28/2013,10
5/29/2013,10
5/30/2013,10
5/31/2013,10
6/1/2013,10
6/2/2013,10
6/3/2013,10
6/4/2013,10
6/5/2013,10
6/6/2013,10
6/7/2013,10
6/8/2013,10
6/9/2013,10
6/10/2013,10
6/11/2013,10
6/12/2013,10
6/13/2013,10
6/14/2013,10
6/15/2013,10
6/16/2013,10
6/17/2013,10
6/18/2013,10
6/19/2013,10
6/20/2013,10
6/21/2013,10
6/22/2013,40
6/23/2013,20
6/24/2013,10
6/25/2013,10
6/26/2013,10
6/27/2013,10
6/28/2013,10
6/29/2013,10
6/30/2013,10
7/1/2013,10
7/2/2013,10
7/3/2013,10
7/4/2013,10
7/5/2013,10
7/6/2013,10
7/7/2013,10
7/8/2013,10
7/9/2013,10
7/10/2013,10
7/11/2013,10
7/12/2013,10
7/13/2013,10
7/14/2013,10
7/15/2013,10
7/16/2013,10
7/17/2013,10
7/18/2013,10
7/19/2013,10
7/20/2013,10
7/21/2013,10
7/22/2013,10
7/23/2013,10
7/24/2013,10
7/25/2013,10
7/26/2013,10
7/27/2013,10
7/28/2013,10
7/29/2013,10
7/30/2013,10
7/31/2013,10
8/1/2013,10
8/2/2013,10
8/3/2013,10
8/4/2013,10
8/5/2013,10
8/6/2013,10
8/7/2013,10
8/8/2013,10
8/9/2013,10
8/10/2013,10
8/11/2013,10
8/12/2013,0
8/13/2013,0
8/14/2013,0
8/15/2013,0
8/16/2013,0
8/17/2013,10
8/18/2013,10
8/19/2013,0
8/20/2013,0
8/21/2013,0
8/22/2013,10
8/23/2013,10
8/24/2013,10
8/25/2013,10
8/26/2013,10
8/27/2013,1730
8/28/2013,20
8/29/2013,10
8/30/2013,3270
8/31/2013,360
9/1/2013,120
9/2/2013,120
9/3/2013,120
9/4/2013,120
9/5/2013,120
9/6/2013,120
9/7/2013,120
9/8/2013,120
9/9/2013,190
9/10/2013,290
9/11/2013,270
9/12/2013,300
9/13/2013,310
9/14/2013,310
9/15/2013,310
9/16/2013,310
9/17/2013,390
9/18/2013,1380
9/19/2013,20
9/20/2013,20
9/21/2013,20
9/22/2013,20
9/23/2013,20
9/24/2013,20
9/25/2013,20
9/26/2013,20
9/27/2013,20
9/28/2013,20
9/29/2013,20
9/30/2013,20
10/1/2013,20
10/2/2013,20
10/3/2013,20
10/4/2013,20
10/5/2013,20
10/6/2013,20
10/7/2013,20
10/8/2013,20
10/9/2013,20
10/10/2013,20
10/11/2013,20
10/12/2013,20
10/13/2013,20
10/14/2013,20
10/15/2013,20
10/16/2013,20
10/17/2013,20
10/18/2013,20
10/19/2013,20
10/20/2013,20
10/21/2013,20
10/22/2013,20
10/23/2013,20
10/24/2013,20
10/25/2013,20
10/26/2013,20
10/27/2013,20
10/28/2013,20
10/29/2013,20
10/30/2013,20
10/31/2013,20
11/1/2013,20
11/2/2013,20
11/3/2013,20
11/4/2013,20
11/5/2013,20
11/6/2013,20
11/7/2013,20
11/8/2013,20
11/9/2013,20
11/10/2013,20
11/11/2013,20
11/12/2013,20
11/13/2013,20
11/14/2013,20
11/15/2013,20
11/16/2013,20
11/17/2013,20
11/18/2013,20
11/19/2013,20
11/20/2013,20
11/21/2013,20
11/22/2013,20
11/23/2013,20
11/24/2013,20
11/25/2013,20
11/26/2013,20
11/27/2013,20
11/28/2013,20
11/29/2013,20
11/30/2013,20
12/1/2013,20
12/2/2013,20
12/3/2013,20
12/4/2013,20
12/5/2013,20
12/6/2013,20
12/7/2013,20
12/8/2013,20
12/9/2013,20
12/10/2013,20
12/11/2013,20
12/12/2013,20
12/13/2013,20
12/14/2013,20
12/15/2013,20
12/16/2013,20
12/17/2013,20
12/18/2013,20
12/19/2013,20
12/20/2013,20
12/21/2013,20
12/22/2013,20
12/23/2013,20
12/24/2013,20
12/25/2013,20
12/26/2013,20
12/27/2013,20
12/28/2013,20
12/29/2013,20
12/30/2013,20
12/31/2013,20
1/1/2014,6530
1/2/2014,6530
1/3/2014,6530
1/4/2014,6380
1/5/2014,6490
1/6/2014,6530
1/7/2014,6380
1/8/2014,6490
1/9/2014,6530
1/10/2014,6530
1/11/2014,6530
1/12/2014,6530
1/13/2014,6530
1/14/2014,6530
1/15/2014,6530
1/16/2014,6690
1/17/2014,6800
1/18/2014,6610
1/19/2014,8460
1/20/2014,6530
1/21/2014,4070
1/22/2014,1600
1/23/2014,1550
1/24/2014,1550
1/25/2014,1540
1/26/2014,1540
1/27/2014,1530
1/28/2014,1440
1/29/2014,1440
1/30/2014,1430
1/31/2014,1420
2/1/2014,1420
2/2/2014,1420
2/3/2014,1420
2/4/2014,1400
2/5/2014,1400
2/6/2014,1400
2/7/2014,1400
2/8/2014,1410
2/9/2014,1390
2/10/2014,1370
2/11/2014,1360
2/12/2014,1380
2/13/2014,2300
2/14/2014,1550
2/15/2014,1550
2/16/2014,1550
2/17/2014,1550
2/18/2014,1550
2/19/2014,1550
2/20/2014,1550
2/21/2014,1570
2/22/2014,1570
2/23/2014,1570
2/24/2014,1560
2/25/2014,1560
2/26/2014,1560
2/27/2014,1550
2/28/2014,1550
3/1/2014,1550
3/2/2014,1550
3/3/2014,1550
3/4/2014,1540
3/5/2014,1560
3/6/2014,1560
3/7/2014,1560
3/8/2014,1560
3/9/2014,1550
3/10/2014,1560
3/11/2014,1560
3/12/2014,1550
3/13/2014,1530
3/14/2014,1560
3/15/2014,1570
3/16/2014,1570
3/17/2014,1570
3/18/2014,1610
3/19/2014,1940
3/20/2014,1560
3/21/2014,1650
3/22/2014,1650
3/23/2014,3140
3/24/2014,7940
3/25/2014,9410
3/26/2014,2690
3/27/2014,3410
3/28/2014,3640
3/29/2014,3340
3/30/2014,2720
3/31/2014,2300
4/1/2014,2330
4/2/2014,2320
4/3/2014,2260
4/4/2014,2230
4/5/2014,1960
4/6/2014,1870
4/7/2014,1840
4/8/2014,1850
4/9/2014,1840
4/10/2014,1820
4/11/2014,1830
4/12/2014,1800
4/13/2014,1780
4/14/2014,1780
4/15/2014,1750
4/16/2014,1780
4/17/2014,1780
4/18/2014,1810
4/19/2014,1780
4/20/2014,1830
4/21/2014,1810
4/22/2014,1870
4/23/2014,1930
4/24/2014,1880
4/25/2014,1890
4/26/2014,1880
4/27/2014,1880
4/28/2014,1960
4/29/2014,1930
4/30/2014,2010
5/1/2014,2070
5/2/2014,2120
5/3/2014,2150
5/4/2014,2030
5/5/2014,2000
5/6/2014,2010
5/7/2014,2110
5/8/2014,2050
5/9/2014,2070
5/10/2014,2040
5/11/2014,2030
5/12/2014,2010
5/13/2014,1950
5/14/2014,1910
5/15/2014,1900
5/16/2014,1900
5/17/2014,1870
5/18/2014,1890
5/19/2014,1920
5/20/2014,1940
5/21/2014,1850
5/22/2014,1870
5/23/2014,1920
5/24/2014,2360
5/25/2014,4170
5/26/2014,2380
5/27/2014,1580
5/28/2014,1580
5/29/2014,1580
5/30/2014,1580
5/31/2014,1580
6/1/2014,1580
6/2/2014,1730
6/3/2014,1580
6/4/2014,1580
6/5/2014,1580
6/6/2014,1580
6/7/2014,1580
6/8/2014,1570
6/9/2014,1560
6/10/2014,1560
6/11/2014,1560
6/12/2014,1560
6/13/2014,1560
6/14/2014,1560
6/15/2014,1550
6/16/2014,1550
6/17/2014,1550
6/18/2014,1550
6/19/2014,1540
6/20/2014,1550
6/21/2014,1550
6/22/2014,1540
6/23/2014,1550
6/24/2014,1550
6/25/2014,1550
6/26/2014,1540
6/27/2014,1550
6/28/2014,1540
6/29/2014,1550
6/30/2014,1550
7/1/2014,1550
7/2/2014,1550
7/3/2014,1540
7/4/2014,1550
7/5/2014,1550
7/6/2014,1570
7/7/2014,1570
7/8/2014,1580
7/9/2014,1570
7/10/2014,1550
7/11/2014,1560
7/12/2014,1740
7/13/2014,2850
7/14/2014,2280
7/15/2014,1780
7/16/2014,1780
7/17/2014,1780
7/18/2014,1760
7/19/2014,1770
7/20/2014,1740
7/21/2014,1770
7/22/2014,1730
7/23/2014,1730
7/24/2014,1730
7/25/2014,1730
7/26/2014,1710
7/27/2014,1690
7/28/2014,1720
7/29/2014,1690
7/30/2014,1690
7/31/2014,1690
8/1/2014,1690
8/2/2014,1690
8/3/2014,1680
8/4/2014,1660
8/5/2014,1840
8/6/2014,1740
8/7/2014,1730
8/8/2014,1770
8/9/2014,1740
8/10/2014,1790
8/11/2014,2580
8/12/2014,1850
8/13/2014,2570
8/14/2014,2350
8/15/2014,1910
8/16/2014,1900
8/17/2014,1900
8/18/2014,1850
8/19/2014,1890
8/20/2014,1840
8/21/2014,1840
8/22/2014,1890
8/23/2014,1860
8/24/2014,1810
8/25/2014,1780
8/26/2014,1780
8/27/2014,1830
8/28/2014,1790
8/29/2014,1830
8/30/2014,1840
8/31/2014,1810
9/1/2014,30
9/2/2014,30
9/3/2014,30
9/4/2014,30
9/5/2014,30
9/6/2014,30
9/7/2014,30
9/8/2014,30
9/9/2014,30
9/10/2014,30
9/11/2014,30
9/12/2014,30
9/13/2014,30
9/14/2014,30
9/15/2014,30
9/16/2014,30
9/17/2014,30
9/18/2014,30
9/19/2014,30
9/20/2014,50
9/21/2014,5840
9/22/2014,9870
9/23/2014,6990
9/24/2014,3660
9/25/2014,2600
9/26/2014,2090
9/27/2014,1690
9/28/2014,1330
9/29/2014,1230
9/30/2014,1130
10/1/2014,860
10/2/2014,820
10/3/2014,840
10/4/2014,890
10/5/2014,840
10/6/2014,940
10/7/2014,880
10/8/2014,830
10/9/2014,870
10/10/2014,950
10/11/2014,910
10/12/2014,940
10/13/2014,950
10/14/2014,950
10/15/2014,910
10/16/2014,870
10/17/2014,870
10/18/2014,940
10/19/2014,880
10/20/2014,840
10/21/2014,870
10/22/2014,870
10/23/2014,840
10/24/2014,900
10/25/2014,940
10/26/2014,910
10/27/2014,940
10/28/2014,980
10/29/2014,1120
10/30/2014,1240
10/31/2014,1240
11/1/2014,1240
11/2/2014,1240
11/3/2014,1240
11/4/2014,3130
11/5/2014,15280
11/6/2014,6900
11/7/2014,5050
11/8/2014,3530
11/9/2014,10700
11/10/2014,10750
11/11/2014,8100
11/12/2014,6510
11/13/2014,5730
11/14/2014,5370
11/15/2014,4580
11/16/2014,4580
11/17/2014,4380
11/18/2014,3860
11/19/2014,3780
11/20/2014,4530
11/21/2014,48020
11/22/2014,40640
11/23/2014,19770
11/24/2014,850
11/25/2014,10
11/26/2014,10
11/27/2014,10
11/28/2014,15040
11/29/2014,9390
11/30/2014,10220
12/1/2014,15500
12/2/2014,11750
12/3/2014,8250
12/4/2014,7230
12/5/2014,6570
12/6/2014,6530
12/7/2014,6530
12/8/2014,6290
12/9/2014,6510
12/10/2014,6520
12/11/2014,6490
12/12/2014,6380
12/13/2014,6490
12/14/2014,6550
12/15/2014,6920
12/16/2014,6710
12/17/2014,6530
12/18/2014,6530
12/19/2014,6530
12/20/2014,6530
12/21/2014,6530
12/22/2014,6530
12/23/2014,6380
12/24/2014,6320
12/25/2014,6340
12/26/2014,6530
12/27/2014,6530
12/28/2014,6530
12/29/2014,6380
12/30/2014,6490
12/31/2014,6530
1/1/2015,1740
1/2/2015,1750
1/3/2015,1720
1/4/2015,1720
1/5/2015,1790
1/6/2015,1820
1/7/2015,1750
1/8/2015,1720
1/9/2015,1840
1/10/2015,1880
1/11/2015,1720
1/12/2015,1750
1/13/2015,1720
1/14/2015,1720
1/15/2015,1670
1/16/2015,1710
1/17/2015,1720
1/18/2015,1630
1/19/2015,1550
1/20/2015,1510
1/21/2015,1500
1/22/2015,1440
1/23/2015,1560
1/24/2015,1520
1/25/2015,1510
1/26/2015,1500
1/27/2015,1430
1/28/2015,1510
1/29/2015,1520
1/30/2015,1500
1/31/2015,1430
2/1/2015,1430
2/2/2015,1430
2/3/2015,1430
2/4/2015,1410
2/5/2015,1350
2/6/2015,1350
2/7/2015,1410
2/8/2015,1350
2/9/2015,1300
2/10/2015,1280
2/11/2015,1260
2/12/2015,1250
2/13/2015,1260
2/14/2015,1310
2/15/2015,3580
2/16/2015,12930
2/17/2015,3610
2/18/2015,1570
2/19/2015,1510
2/20/2015,1500
2/21/2015,1370
2/22/2015,1320
2/23/2015,1280
2/24/2015,1300
2/25/2015,1300
2/26/2015,1280
2/27/2015,1840
2/28/2015,1210
3/1/2015,350
3/2/2015,340
3/3/2015,320
3/4/2015,320
3/5/2015,340
3/6/2015,360
3/7/2015,350
3/8/2015,350
3/9/2015,340
3/10/2015,320
3/11/2015,330
3/12/2015,340
3/13/2015,320
3/14/2015,310
3/15/2015,300
3/16/2015,300
3/17/2015,300
3/18/2015,300
3/19/2015,310
3/20/2015,310
3/21/2015,630
3/22/2015,2070
3/23/2015,3050
3/24/2015,2150
3/25/2015,1100
3/26/2015,1750
3/27/2015,1870
3/28/2015,1320
3/29/2015,650
3/30/2015,320
3/31/2015,300
4/1/2015,300
4/2/2015,290
4/3/2015,290
4/4/2015,280
4/5/2015,280
4/6/2015,280
4/7/2015,280
4/8/2015,270
4/9/2015,270
4/10/2015,260
4/11/2015,250
4/12/2015,240
4/13/2015,230
4/14/2015,240
4/15/2015,240
4/16/2015,250
4/17/2015,250
4/18/2015,250
4/19/2015,260
4/20/2015,270
4/21/2015,260
4/22/2015,260
4/23/2015,260
4/24/2015,250
4/25/2015,250
4/26/2015,240
4/27/2015,240
4/28/2015,240
4/29/2015,250
4/30/2015,250
5/1/2015,240
5/2/2015,230
5/3/2015,240
5/4/2015,2260
5/5/2015,2480
5/6/2015,440
5/7/2015,440
5/8/2015,440
5/9/2015,440
5/10/2015,440
5/11/2015,440
5/12/2015,440
5/13/2015,440
5/14/2015,440
5/15/2015,440
5/16/2015,440
5/17/2015,440
5/18/2015,440
5/19/2015,440
5/20/2015,440
5/21/2015,440
5/22/2015,440
5/23/2015,440
5/24/2015,440
5/25/2015,440
5/26/2015,440
5/27/2015,440
5/28/2015,440
5/29/2015,440
5/30/2015,440
5/31/2015,440
6/1/2015,440
6/2/2015,440
6/3/2015,440
6/4/2015,440
6/5/2015,440
6/6/2015,440
6/7/2015,440
6/8/2015,440
6/9/2015,440
6/10/2015,440
6/11/2015,440
6/12/2015,440
6/13/2015,440
6/14/2015,440
6/15/2015,440
6/16/2015,440
6/17/2015,440
6/18/2015,440
6/19/2015,440
6/20/2015,440
6/21/2015,440
6/22/2015,440
6/23/2015,440
6/24/2015,440
6/25/2015,440
6/26/2015,440
6/27/2015,440
6/28/2015,440
6/29/2015,440
6/30/2015,440
7/1/2015,440
7/2/2015,440
7/3/2015,440
7/4/2015,440
7/5/2015,440
7/6/2015,440
7/7/2015,440
7/8/2015,440
7/9/2015,440
7/10/2015,440
7/11/2015,440
7/12/2015,440
7/13/2015,440
7/14/2015,440
7/15/2015,440
7/16/2015,440
7/17/2015,440
7/18/2015,440
7/19/2015,440
7/20/2015,440
7/21/2015,440
7/22/2015,440
7/23/2015,440
7/24/2015,440
7/25/2015,440
7/26/2015,440
7/27/2015,440
7/28/2015,440
7/29/2015,440
7/30/2015,440
7/31/2015,440
8/1/2015,440
8/2/2015,440
8/3/2015,440
8/4/2015,440
8/5/2015,440
8/6/2015,440
8/7/2015,440
8/8/2015,440
8/9/2015,440
8/10/2015,440
8/11/2015,440
8/12/2015,440
8/13/2015,440
8/14/2015,440
8/15/2015,440
8/16/2015,440
8/17/2015,440
8/18/2015,440
8/19/2015,440
8/20/2015,440
8/21/2015,440
8/22/2015,440
8/23/2015,440
8/24/2015,440
8/25/2015,440
8/26/2015,440
8/27/2015,440
8/28/2015,440
8/29/2015,440
8/30/2015,440
8/31/2015,0
9/1/2015,1830
9/2/2015,1810
9/3/2015,1830
9/4/2015,1820
9/5/2015,1830
9/6/2015,1810
9/7/2015,1800
9/8/2015,1800
9/9/2015,1810
9/10/2015,1830
9/11/2015,1840
9/12/2015,1840
9/13/2015,1820
9/14/2015,1830
9/15/2015,1820
9/16/2015,1830
9/17/2015,1810
9/18/2015,1790
9/19/2015,1830
9/20/2015,1840
9/21/2015,1840
9/22/2015,1810
9/23/2015,1790
9/24/2015,1830
9/25/2015,1840
9/26/2015,1840
9/27/2015,1880
9/28/2015,3060
9/29/2015,1710
9/30/2015,1270
10/1/2015,1240
10/2/2015,1220
10/3/2015,1240
10/4/2015,1240
10/5/2015,1200
10/6/2015,1220
10/7/2015,1240
10/8/2015,1240
10/9/2015,1220
10/10/2015,1240
10/11/2015,1220
10/12/2015,1240
10/13/2015,1240
10/14/2015,1240
10/15/2015,1190
10/16/2015,1190
10/17/2015,1240
10/18/2015,1220
10/19/2015,1270
10/20/2015,1280
10/21/2015,1240
10/22/2015,1220
10/23/2015,1240
10/24/2015,1310
10/25/2015,1360
10/26/2015,1300
10/27/2015,1280
10/28/2015,3730
10/29/2015,1560
10/30/2015,1280
10/31/2015,1300
11/1/2015,1420
11/2/2015,1430
11/3/2015,1310
11/4/2015,1280
11/5/2015,1250
11/6/2015,1300
11/7/2015,1300
11/8/2015,1280
11/9/2015,3090
11/10/2015,4250
11/11/2015,3450
11/12/2015,3490
11/13/2015,3580
11/14/2015,3450
11/15/2015,3120
11/16/2015,3090
11/17/2015,2990
11/18/2015,2850
11/19/2015,2830
11/20/2015,2560
11/21/2015,2590
11/22/2015,2710
11/23/2015,2810
11/24/2015,2850
11/25/2015,2750
11/26/2015,2610
11/27/2015,2600
11/28/2015,2520
11/29/2015,2450
11/30/2015,2390
12/1/2015,2390
12/2/2015,2390
12/3/2015,2390
12/4/2015,2380
12/5/2015,2310
12/6/2015,2290
12/7/2015,2340
12/8/2015,2240
12/9/2015,2290
12/10/2015,2270
12/11/2015,2210
12/12/2015,2190
12/13/2015,2220
12/14/2015,2190
12/15/2015,2190
12/16/2015,2080
12/17/2015,2000
12/18/2015,2000
12/19/2015,2040
12/20/2015,1910
12/21/2015,1920
12/22/2015,1820
12/23/2015,1750
12/24/2015,1760
12/25/2015,1810
12/26/2015,1790
12/27/2015,1840
12/28/2015,1810
12/29/2015,1760
12/30/2015,1780
12/31/2015,1670
1/1/2016,290
1/2/2016,290
1/3/2016,290
1/4/2016,290
1/5/2016,290
1/6/2016,290
1/7/2016,290
1/8/2016,290
1/9/2016,290
1/10/2016,290
1/11/2016,290
1/12/2016,290
1/13/2016,290
1/14/2016,290
1/15/2016,290
1/16/2016,290
1/17/2016,290
1/18/2016,290
1/19/2016,290
1/20/2016,290
1/21/2016,290
1/22/2016,290
1/23/2016,290
1/24/2016,290
1/25/2016,290
1/26/2016,290
1/27/2016,290
1/28/2016,290
1/29/2016,290
1/30/2016,290
1/31/2016,290
2/1/2016,290
2/2/2016,290
2/3/2016,290
2/4/2016,290
2/5/2016,290
2/6/2016,290
2/7/2016,290
2/8/2016,290
2/9/2016,290
2/10/2016,290
2/11/2016,290
2/12/2016,290
2/13/2016,290
2/14/2016,290
2/15/2016,290
2/16/2016,290
2/17/2016,290
2/18/2016,290
2/19/2016,290
2/20/2016,290
2/21/2016,290
2/22/2016,290
2/23/2016,290
2/24/2016,290
2/25/2016,290
2/26/2016,290
2/27/2016,290
2/28/2016,290
2/29/2016,290
3/1/2016,290
3/2/2016,290
3/3/2016,290
3/4/2016,290
3/5/2016,290
3/6/2016,290
3/7/2016,290
3/8/2016,290
3/9/2016,290
3/10/2016,290
3/11/2016,290
3/12/2016,290
3/13/2016,290
3/14/2016,290
3/15/2016,290
3/16/2016,290
3/17/2016,290
3/18/2016,290
3/19/2016,290
3/20/2016,290
3/21/2016,290
3/22/2016,290
3/23/2016,290
3/24/2016,290
3/25/2016,290
3/26/2016,290
3/27/2016,290
3/28/2016,290
3/29/2016,290
3/30/2016,290
3/31/2016,290
4/1/2016,290
4/2/2016,290
4/3/2016,290
4/4/2016,290
4/5/2016,290
4/6/2016,290
4/7/2016,290
4/8/2016,290
4/9/2016,290
4/10/2016,290
4/11/2016,290
4/12/2016,290
4/13/2016,290
4/14/2016,290
4/15/2016,290
4/16/2016,290
4/17/2016,290
4/18/2016,290
4/19/2016,290
4/20/2016,290
4/21/2016,290
4/22/2016,290
4/23/2016,290
4/24/2016,290
4/25/2016,290
4/26/2016,290
4/27/2016,290
4/28/2016,290
4/29/2016,940
4/30/2016,100
5/1/2016,80
5/2/2016,80
5/3/2016,80
5/4/2016,80
5/5/2016,80
5/6/2016,80
5/7/2016,80
5/8/2016,80
5/9/2016,80
5/10/2016,80
5/11/2016,80
5/12/2016,80
5/13/2016,80
5/14/2016,80
5/15/2016,80
5/16/2016,80
5/17/2016,80
5/18/2016,80
5/19/2016,80
5/20/2016,80
5/21/2016,80
5/22/2016,80
5/23/2016,80
5/24/2016,80
5/25/2016,80
5/26/2016,80
5/27/2016,80
5/28/2016,80
5/29/2016,80
5/30/2016,80
5/31/2016,80
6/1/2016,80
6/2/2016,80
6/3/2016,80
6/4/2016,80
6/5/2016,80
6/6/2016,80
6/7/2016,80
6/8/2016,80
6/9/2016,80
6/10/2016,80
6/11/2016,80
6/12/2016,80
6/13/2016,80
6/14/2016,80
6/15/2016,80
6/16/2016,80
6/17/2016,80
6/18/2016,80
6/19/2016,80
6/20/2016,80
6/21/2016,80
6/22/2016,80
6/23/2016,80
6/24/2016,80
6/25/2016,80
6/26/2016,80
6/27/2016,80
6/28/2016,80
6/29/2016,80
6/30/2016,80
7/1/2016,80
7/2/2016,80
7/3/2016,80
7/4/2016,80
7/5/2016,80
7/6/2016,80
7/7/2016,80
7/8/2016,80
7/9/2016,80
7/10/2016,80
7/11/2016,80
7/12/2016,80
7/13/2016,80
7/14/2016,80
7/15/2016,80
7/16/2016,80
7/17/2016,80
7/18/2016,80
7/19/2016,80
7/20/2016,80
7/21/2016,80
7/22/2016,80
7/23/2016,80
7/24/2016,80
7/25/2016,80
7/26/2016,80
7/27/2016,80
7/28/2016,80
7/29/2016,80
7/30/2016,80
7/31/2016,80
8/1/2016,80
8/2/2016,80
8/3/2016,80
8/4/2016,80
8/5/2016,80
8/6/2016,80
8/7/2016,80
8/8/2016,80
8/9/2016,80
8/10/2016,80
8/11/2016,80
8/12/2016,80
8/13/2016,80
8/14/2016,80
8/15/2016,80
8/16/2016,80
8/17/2016,80
8/18/2016,80
8/19/2016,80
8/20/2016,80
8/21/2016,80
8/22/2016,80
8/23/2016,80
8/24/2016,80
8/25/2016,80
8/26/2016,80
8/27/2016,80
8/28/2016,80
8/29/2016,80
8/30/2016,80
8/31/2016,80
9/1/2016,440
9/2/2016,440
9/3/2016,440
9/4/2016,440
9/5/2016,440
9/6/2016,440
9/7/2016,440
9/8/2016,440
9/9/2016,440
9/10/2016,440
9/11/2016,440
9/12/2016,440
9/13/2016,440
9/14/2016,440
9/15/2016,440
9/16/2016,440
9/17/2016,440
9/18/2016,440
9/19/2016,440
9/20/2016,440
9/21/2016,440
9/22/2016,440
9/23/2016,440
9/24/2016,440
9/25/2016,440
9/26/2016,440
9/27/2016,440
9/28/2016,440
9/29/2016,440
9/30/2016,440
10/1/2016,440
10/2/2016,440
10/3/2016,440
10/4/2016,440
10/5/2016,440
10/6/2016,440
10/7/2016,440
10/8/2016,440
10/9/2016,440
10/10/2016,440
10/11/2016,440
10/12/2016,440
10/13/2016,440
10/14/2016,440
10/15/2016,440
10/16/2016,440
10/17/2016,440
10/18/2016,440
10/19/2016,440
10/20/2016,440
10/21/2016,440
10/22/2016,440
10/23/2016,440
10/24/2016,440
10/25/2016,420
10/26/2016,1170
10/27/2016,300
10/28/2016,290
10/29/2016,290
10/30/2016,290
10/31/2016,290
11/1/2016,290
11/2/2016,290
11/3/2016,290
11/4/2016,290
11/5/2016,290
11/6/2016,290
11/7/2016,290
11/8/2016,290
11/9/2016,290
11/10/2016,290
11/11/2016,290
11/12/2016,290
11/13/2016,290
11/14/2016,290
11/15/2016,290
11/16/2016,290
11/17/2016,290
11/18/2016,290
11/19/2016,290
11/20/2016,290
11/21/2016,290
11/22/2016,290
11/23/2016,290
11/24/2016,290
11/25/2016,290
11/26/2016,290
11/27/2016,290
11/28/2016,290
11/29/2016,290
11/30/2016,290
12/1/2016,290
12/2/2016,290
12/3/2016,290
12/4/2016,290
12/5/2016,290
12/6/2016,290
12/7/2016,290
12/8/2016,290
12/9/2016,290
12/10/2016,290
12/11/2016,290
12/12/2016,290
12/13/2016,290
12/14/2016,290
12/15/2016,290
12/16/2016,290
12/17/2016,290
12/18/2016,290
12/19/2016,290
12/20/2016,290
12/21/2016,290
12/22/2016,290
12/23/2016,290
12/24/2016,290
12/25/2016,290
12/26/2016,290
12/27/2016,290
12/28/2016,290
12/29/2016,290
12/30/2016,290
12/31/2016,290
